model_config,params,macs,method
configs/model/dnn_h16.yaml,13532,13504,dummy_forward_Conv1d_Conv2d_Linear_hooks
configs/model/dnn_h16_d2f32.yaml,15052,14968,dummy_forward_Conv1d_Conv2d_Linear_hooks
configs/model/dnn_h16_d2f32lin.yaml,15052,14968,dummy_forward_Conv1d_Conv2d_Linear_hooks
configs/model/dnn_h16_d4f32.yaml,16572,16432,dummy_forward_Conv1d_Conv2d_Linear_hooks
configs/model/dnn_h16_d4f32head.yaml,14396,14320,dummy_forward_Conv1d_Conv2d_Linear_hooks
configs/model/dnn_h16_d4f32hid.yaml,15708,15616,dummy_forward_Conv1d_Conv2d_Linear_hooks
configs/model/dnn_h16_d4f32lin.yaml,16572,16432,dummy_forward_Conv1d_Conv2d_Linear_hooks
configs/model/dnn_h16_d4f32rnd.yaml,16572,16432,dummy_forward_Conv1d_Conv2d_Linear_hooks
configs/model/dnn_h16x112.yaml,16588,16448,dummy_forward_Conv1d_Conv2d_Linear_hooks
configs/model/dnn_h16x59.yaml,15051,14964,dummy_forward_Conv1d_Conv2d_Linear_hooks
configs/model/dnn_h16x59_hd2.yaml,15867,15756,dummy_forward_Conv1d_Conv2d_Linear_hooks
configs/model/dnn_h16x59_hd4.yaml,16683,16548,dummy_forward_Conv1d_Conv2d_Linear_hooks
configs/model/dnn_h16x59x21.yaml,15855,15747,dummy_forward_Conv1d_Conv2d_Linear_hooks
configs/model/dnn_h16x59x32.yaml,16647,16528,dummy_forward_Conv1d_Conv2d_Linear_hooks
configs/model/dnn_h16x87.yaml,15863,15748,dummy_forward_Conv1d_Conv2d_Linear_hooks
configs/model/dnn_h18.yaml,15222,15192,dummy_forward_Conv1d_Conv2d_Linear_hooks
configs/model/dnn_h20.yaml,16912,16880,dummy_forward_Conv1d_Conv2d_Linear_hooks
configs/model/dnn_h24.yaml,20292,20256,dummy_forward_Conv1d_Conv2d_Linear_hooks
configs/model/dnn_h32.yaml,27052,27008,dummy_forward_Conv1d_Conv2d_Linear_hooks
configs/model/dnn_h32_d2f32.yaml,30044,29912,dummy_forward_Conv1d_Conv2d_Linear_hooks
configs/model/dnn_h35.yaml,29587,29540,dummy_forward_Conv1d_Conv2d_Linear_hooks
configs/model/dnn_h48.yaml,40572,40512,dummy_forward_Conv1d_Conv2d_Linear_hooks
configs/model/ds_cnn_w20_mfcc.yaml,2112,1354800,dummy_forward_Conv1d_Conv2d_Linear_hooks
configs/model/ds_cnn_w20d1f4_mfcc.yaml,2352,1518000,dummy_forward_Conv1d_Conv2d_Linear_hooks
configs/model/ds_cnn_w20d2f4_mfcc.yaml,2592,1681200,dummy_forward_Conv1d_Conv2d_Linear_hooks
configs/model/ds_cnn_w24_mfcc.yaml,2724,1782432,dummy_forward_Conv1d_Conv2d_Linear_hooks
configs/model/ds_cnn_w24d2f4_mfcc.yaml,3300,2174112,dummy_forward_Conv1d_Conv2d_Linear_hooks
configs/model/ds_cnn_w24fcd4f8_mfcc.yaml,3204,1782864,dummy_forward_Conv1d_Conv2d_Linear_hooks
configs/model/ds_cnn_w28_mfcc.yaml,3400,2262288,dummy_forward_Conv1d_Conv2d_Linear_hooks
configs/model/ds_cnn_w32_mfcc.yaml,4140,2794368,dummy_forward_Conv1d_Conv2d_Linear_hooks
configs/model/dtnet_a_het.yaml,4160,419760,ideal_streaming_recurrence_plus_IDCT; not actual dense training matmul cost
configs/model/dtnet_a_lin.yaml,4160,419760,ideal_streaming_recurrence_plus_IDCT; not actual dense training matmul cost
configs/model/dtnet_a_mfcc.yaml,4160,316336,ideal_streaming_recurrence_plus_IDCT; not actual dense training matmul cost
configs/model/dtnet_a_notau.yaml,4167,384030,ideal_streaming_recurrence_plus_IDCT; not actual dense training matmul cost
configs/model/dtnet_a_point.yaml,4183,455723,ideal_streaming_recurrence_plus_IDCT; not actual dense training matmul cost
configs/model/dtnet_a_point3.yaml,4137,460451,ideal_streaming_recurrence_plus_IDCT; not actual dense training matmul cost
configs/model/dtnet_a_rnd.yaml,4160,419760,ideal_streaming_recurrence_plus_IDCT; not actual dense training matmul cost
configs/model/dtnet_a_shared.yaml,4176,438356,ideal_streaming_recurrence_plus_IDCT; not actual dense training matmul cost
configs/model/dtnet_b_het.yaml,2019,256934,ideal_streaming_recurrence_plus_IDCT; not actual dense training matmul cost
configs/model/dtnet_b_point.yaml,2029,265639,ideal_streaming_recurrence_plus_IDCT; not actual dense training matmul cost
configs/model/ei_c10x20.yaml,7842,133800,dummy_forward_Conv1d_Conv2d_Linear_hooks
configs/model/ei_c4x8.yaml,3000,46176,dummy_forward_Conv1d_Conv2d_Linear_hooks
configs/model/ei_c4x8_hd1f32.yaml,3408,46572,dummy_forward_Conv1d_Conv2d_Linear_hooks
configs/model/ei_c4x8_hd2f32.yaml,3816,46968,dummy_forward_Conv1d_Conv2d_Linear_hooks
configs/model/ei_c4x8_hd4f32.yaml,4632,47760,dummy_forward_Conv1d_Conv2d_Linear_hooks
configs/model/ei_c5x10.yaml,3777,59250,dummy_forward_Conv1d_Conv2d_Linear_hooks
configs/model/ei_c6x12.yaml,4566,72936,dummy_forward_Conv1d_Conv2d_Linear_hooks
configs/model/ei_c7x14.yaml,5367,87234,dummy_forward_Conv1d_Conv2d_Linear_hooks
configs/model/ei_c8x16.yaml,6180,102144,dummy_forward_Conv1d_Conv2d_Linear_hooks
configs/model/ei_c8x16_hd1f64.yaml,6972,102924,dummy_forward_Conv1d_Conv2d_Linear_hooks
configs/model/ei_c8x16_hd2f64.yaml,7764,103704,dummy_forward_Conv1d_Conv2d_Linear_hooks
configs/model/ei_c9x18.yaml,7005,117666,dummy_forward_Conv1d_Conv2d_Linear_hooks
configs/model/sparknet_msd_a13_dense.yaml,4189,391204,dummy_forward_Conv1d_Conv2d_Linear_hooks
configs/model/sparknet_msd_a13_lin.yaml,4134,369044,dummy_forward_Conv1d_Conv2d_Linear_hooks
configs/model/sparknet_msd_a13_relu.yaml,4134,369044,dummy_forward_Conv1d_Conv2d_Linear_hooks
configs/model/sparknet_msd_a_1scale.yaml,4114,350864,dummy_forward_Conv1d_Conv2d_Linear_hooks
configs/model/sparknet_msd_a_dense.yaml,4101,379043,dummy_forward_Conv1d_Conv2d_Linear_hooks
configs/model/sparknet_msd_a_lin.yaml,4116,369448,dummy_forward_Conv1d_Conv2d_Linear_hooks
configs/model/sparknet_msd_a_relu.yaml,4116,369448,dummy_forward_Conv1d_Conv2d_Linear_hooks
configs/model/sparknet_msd_b_dense.yaml,1999,181593,dummy_forward_Conv1d_Conv2d_Linear_hooks
configs/model/sparknet_msd_b_lin.yaml,1999,177048,dummy_forward_Conv1d_Conv2d_Linear_hooks
configs/model/sparknet_msd_b_relu.yaml,1999,177048,dummy_forward_Conv1d_Conv2d_Linear_hooks
