queue,archived_job_file,start_events,done_events,fail_events,started_targets,failed_targets,comments
research-0926,True,25,25,0,"outputs/sparknet-dendritic-study-v2/scratch/c9g8-seed1,outputs/sparknet-dendritic-study-v2/scratch/c9g8-seed2,outputs/sparknet-dendritic-study-v2/scratch/c9g4-seed0,outputs/sparknet-grow-dendrites-v3/fc/c9g4-seed0,outputs/sparknet-dendritic-study-v2/scratch/c6g4-seed0,outputs/sparknet-grow-dendrites-v3/fc/c6g4-seed0,outputs/sparknet-dendritic-study-v2/scratch/c6g8-seed0,outputs/sparknet-grow-dendrites-v3/pointwise_b1-bn-relu/c8g16-seed0,outputs/sparknet-grow-dendrites-v3/pointwise_b1-bn-sigmoid/c8g16-seed0,outputs/sparknet-dendritic-study-v2/scratch/c9g8-seed3,outputs/sparknet-dendritic-study-v2/scratch/c9g4-seed1,outputs/sparknet-grow-dendrites-v3/fc/c9g4-seed1,outputs/sparknet-dendritic-study-v2/scratch/c6g4-seed1,outputs/sparknet-grow-dendrites-v3/fc/c6g4-seed1,outputs/sparknet-dendritic-study-v2/scratch/c6g8-seed1,outputs/sparknet-grow-dendrites-v3/pointwise_b1-bn-relu/c8g16-seed1,outputs/sparknet-grow-dendrites-v3/pointwise_b1-bn-sigmoid/c8g16-seed1,outputs/sparknet-dendritic-study-v2/scratch/c9g8-seed4,outputs/sparknet-dendritic-study-v2/scratch/c9g4-seed2,outputs/sparknet-grow-dendrites-v3/fc/c9g4-seed2,outputs/sparknet-dendritic-study-v2/scratch/c6g4-seed2,outputs/sparknet-grow-dendrites-v3/fc/c6g4-seed2,outputs/sparknet-dendritic-study-v2/scratch/c6g8-seed2,outputs/sparknet-grow-dendrites-v3/pointwise_b1-bn-relu/c8g16-seed2,outputs/sparknet-grow-dendrites-v3/pointwise_b1-bn-sigmoid/c8g16-seed2",,empty jobs.txt after consumed queue is not evidence of no jobs
research-0926b,True,15,15,0,"outputs/sparknet-pai-documented/pai-fc/c9g8-seed0,outputs/sparknet-pai-documented/control-fc/c9g8-seed0,outputs/sparknet-dendritic-study-v2/scratch/c18g8-seed0,outputs/sparknet-dendritic-study-v2/scratch/c17g8-seed0,outputs/sparknet-dendritic-study-v2/scratch/c7g8-seed0,outputs/sparknet-dendritic-study-v2/scratch/c18g8-seed1,outputs/sparknet-dendritic-study-v2/scratch/c17g8-seed1,outputs/sparknet-dendritic-study-v2/scratch/c7g8-seed1,outputs/sparknet-dendritic-study-v2/scratch/c18g8-seed2,outputs/sparknet-dendritic-study-v2/scratch/c17g8-seed2,outputs/sparknet-dendritic-study-v2/scratch/c7g8-seed2,outputs/sparknet-dendritic-study-v2/scratch/c6g8-seed3,outputs/sparknet-dendritic-study-v2/scratch/c6g8-seed4,outputs/sparknet-dendritic-study-v2/scratch/c8g8-seed1,outputs/sparknet-dendritic-study-v2/scratch/c8g8-seed2",,empty jobs.txt after consumed queue is not evidence of no jobs
research-0926c,True,24,24,0,"outputs/sparknet-grow-dendrites-v3/gate_conv/c9g4-seed0,outputs/sparknet-grow-dendrites-v3/gate_conv/c9g4-seed1,outputs/sparknet-grow-dendrites-v3/gate_conv/c9g4-seed2,outputs/sparknet-grow-dendrites-v3/gate_conv/c9g8-seed0,outputs/sparknet-grow-dendrites-v3/gate_conv/c9g8-seed1,outputs/sparknet-grow-dendrites-v3/gate_conv/c9g8-seed2,outputs/sparknet-dendritic-study-v2/scratch/c17g16-seed0,outputs/sparknet-dendritic-study-v2/scratch/c17g16-seed1,outputs/sparknet-dendritic-study-v2/scratch/c17g16-seed2,outputs/sparknet-dendritic-study-v2/scratch/c18g12-seed0,outputs/sparknet-dendritic-study-v2/scratch/c18g12-seed1,outputs/sparknet-dendritic-study-v2/scratch/c18g12-seed2,outputs/sparknet-dendritic-study-v2/scratch/c18g16-seed2,outputs/sparknet-dendritic-study-v2/scratch/c9g12-seed1,outputs/sparknet-dendritic-study-v2/scratch/c9g12-seed2,outputs/sparknet-dendritic-study-v2/scratch/c9g16-seed1,outputs/sparknet-dendritic-study-v2/scratch/c9g16-seed2,outputs/sparknet-dendritic-study-v2/scratch/c10g8-seed1,outputs/sparknet-dendritic-study-v2/scratch/c10g8-seed2,outputs/sparknet-dendritic-study-v2/scratch/c10g12-seed1,outputs/sparknet-dendritic-study-v2/scratch/c10g12-seed2,outputs/sparknet-dendritic-study-v2/scratch/c6g12-seed0,outputs/sparknet-dendritic-study-v2/scratch/c6g12-seed1,outputs/sparknet-dendritic-study-v2/scratch/c6g12-seed2",,empty jobs.txt after consumed queue is not evidence of no jobs
research-0926d,True,40,36,4,"outputs/sparknet-lowdata10/scratch/c6g16-seed0,outputs/sparknet-lowdata10/scratch/c8g16-seed0,outputs/sparknet-lowdata10/scratch/c10g16-seed0,outputs/sparknet-lowdata10/scratch/c12g16-seed0,outputs/sparknet-lowdata10/scratch/c16g16-seed0,outputs/sparknet-lowdata10/pointwise_b1-bn/c6g16-seed0,outputs/sparknet-lowdata10/pointwise_b1-bn/c8g16-seed0,outputs/sparknet-lowdata10/pointwise_b1-bn/c12g16-seed0,outputs/sparknet-lowdata10/pointwise_b0-bn/c8g16-seed0,outputs/sparknet-grow-dendrites-v3/pointwise_b1-bn-sw5/c8g16-seed0,outputs/sparknet-grow-dendrites-v3/pointwise_b0-bn-sw5/c8g16-seed0,outputs/sparknet-grow-dendrites-v3/depthwise/c8g16-seed0,outputs/sparknet-lowdata10/pointwise_b0-bn/c8g16-seed0,outputs/sparknet-lowdata10/pointwise_b1-bn/c12g16-seed0,outputs/sparknet-lowdata10/pointwise_b1-bn/c8g16-seed0,outputs/sparknet-lowdata10/pointwise_b1-bn/c6g16-seed0,outputs/sparknet-lowdata10/scratch/c6g16-seed1,outputs/sparknet-lowdata10/scratch/c8g16-seed1,outputs/sparknet-lowdata10/scratch/c10g16-seed1,outputs/sparknet-lowdata10/scratch/c12g16-seed1,outputs/sparknet-lowdata10/scratch/c16g16-seed1,outputs/sparknet-lowdata10/pointwise_b1-bn/c6g16-seed1,outputs/sparknet-lowdata10/pointwise_b1-bn/c8g16-seed1,outputs/sparknet-lowdata10/pointwise_b1-bn/c12g16-seed1,outputs/sparknet-lowdata10/pointwise_b0-bn/c8g16-seed1,outputs/sparknet-grow-dendrites-v3/pointwise_b1-bn-sw5/c8g16-seed1,outputs/sparknet-grow-dendrites-v3/pointwise_b0-bn-sw5/c8g16-seed1,outputs/sparknet-grow-dendrites-v3/depthwise/c8g16-seed1,outputs/sparknet-lowdata10/scratch/c6g16-seed2,outputs/sparknet-lowdata10/scratch/c8g16-seed2,outputs/sparknet-lowdata10/scratch/c10g16-seed2,outputs/sparknet-lowdata10/scratch/c12g16-seed2,outputs/sparknet-lowdata10/scratch/c16g16-seed2,outputs/sparknet-lowdata10/pointwise_b1-bn/c6g16-seed2,outputs/sparknet-lowdata10/pointwise_b1-bn/c8g16-seed2,outputs/sparknet-lowdata10/pointwise_b1-bn/c12g16-seed2,outputs/sparknet-lowdata10/pointwise_b0-bn/c8g16-seed2,outputs/sparknet-grow-dendrites-v3/pointwise_b1-bn-sw5/c8g16-seed2,outputs/sparknet-grow-dendrites-v3/pointwise_b0-bn-sw5/c8g16-seed2,outputs/sparknet-grow-dendrites-v3/depthwise/c8g16-seed2","outputs/sparknet-lowdata10/pointwise_b1-bn/c6g16-seed0,outputs/sparknet-lowdata10/pointwise_b1-bn/c8g16-seed0,outputs/sparknet-lowdata10/pointwise_b1-bn/c12g16-seed0,outputs/sparknet-lowdata10/pointwise_b0-bn/c8g16-seed0",empty jobs.txt after consumed queue is not evidence of no jobs
research-0927a,True,21,21,0,"outputs/sparknet-grow-dendrites-v3/pointwise_b1-bn-sw5/c9g8-seed0,outputs/sparknet-grow-dendrites-v3/pointwise_b1-bn-sw5/c17g16-seed0,outputs/sparknet-grow-dendrites-v3/pointwise_b1-bn-sw5/c6g12-seed0,outputs/sparknet-grow-dendrites-v3/pointwise_b12-bn-sw5/c8g16-seed0,outputs/sparknet-grow-dendrites-v3/pointwise_b1-bn-sw1/c8g16-seed0,outputs/sparknet-grow-dendrites-v3/pointwise_b1-bn-sw5/c9g8-seed1,outputs/sparknet-grow-dendrites-v3/pointwise_b1-bn-sw5/c17g16-seed1,outputs/sparknet-grow-dendrites-v3/pointwise_b1-bn-sw5/c6g12-seed1,outputs/sparknet-grow-dendrites-v3/pointwise_b12-bn-sw5/c8g16-seed1,outputs/sparknet-grow-dendrites-v3/pointwise_b1-bn-sw1/c8g16-seed1,outputs/sparknet-grow-dendrites-v3/pointwise_b1-bn-sw5/c9g8-seed2,outputs/sparknet-grow-dendrites-v3/pointwise_b1-bn-sw5/c17g16-seed2,outputs/sparknet-grow-dendrites-v3/pointwise_b1-bn-sw5/c6g12-seed2,outputs/sparknet-grow-dendrites-v3/pointwise_b12-bn-sw5/c8g16-seed2,outputs/sparknet-grow-dendrites-v3/pointwise_b1-bn-sw1/c8g16-seed2,outputs/sparknet-grow-dendrites-v3/pointwise_b1-bn-sw5/c9g8-seed3,outputs/sparknet-grow-dendrites-v3/pointwise_b1-bn-sw5/c8g16-seed3,outputs/sparknet-dendritic-study-v2/scratch/c8g16-seed3,outputs/sparknet-grow-dendrites-v3/pointwise_b1-bn-sw5/c9g8-seed4,outputs/sparknet-grow-dendrites-v3/pointwise_b1-bn-sw5/c8g16-seed4,outputs/sparknet-dendritic-study-v2/scratch/c8g16-seed4",,empty jobs.txt after consumed queue is not evidence of no jobs
research-0927b,True,62,62,0,"outputs/sparknet-lowdata02/pointwise_b1-bn/c8g16-seed0,outputs/sparknet-lowdata02/pointwise_b1-bn/c16g16-seed0,outputs/sparknet-lowdata10/pointwise_b1-bn/c16g16-seed0,outputs/sparknet-lowdata02/scratch/c4g16-seed0,outputs/sparknet-lowdata02/scratch/c6g16-seed0,outputs/sparknet-lowdata02/scratch/c8g16-seed0,outputs/sparknet-lowdata02/scratch/c12g16-seed0,outputs/sparknet-lowdata02/scratch/c16g16-seed0,outputs/sparknet-lowdata02/scratch/c17g16-seed0,outputs/sparknet-lowdata02/scratch/c18g16-seed0,outputs/sparknet-lowdata10/scratch/c17g16-seed0,outputs/sparknet-lowdata10/scratch/c18g16-seed0,outputs/sparknet-lowdata02/pointwise_b1-bn/c8g16-seed1,outputs/sparknet-lowdata02/pointwise_b1-bn/c16g16-seed1,outputs/sparknet-lowdata10/pointwise_b1-bn/c16g16-seed1,outputs/sparknet-lowdata02/scratch/c4g16-seed1,outputs/sparknet-lowdata02/scratch/c6g16-seed1,outputs/sparknet-lowdata02/scratch/c8g16-seed1,outputs/sparknet-lowdata02/scratch/c12g16-seed1,outputs/sparknet-lowdata02/scratch/c16g16-seed1,outputs/sparknet-lowdata02/scratch/c17g16-seed1,outputs/sparknet-lowdata02/scratch/c18g16-seed1,outputs/sparknet-lowdata10/scratch/c17g16-seed1,outputs/sparknet-lowdata10/scratch/c18g16-seed1,outputs/sparknet-lowdata02/pointwise_b1-bn/c8g16-seed2,outputs/sparknet-lowdata02/pointwise_b1-bn/c16g16-seed2,outputs/sparknet-lowdata10/pointwise_b1-bn/c16g16-seed2,outputs/sparknet-lowdata02/scratch/c4g16-seed2,outputs/sparknet-lowdata02/scratch/c6g16-seed2,outputs/sparknet-lowdata02/scratch/c8g16-seed2,outputs/sparknet-lowdata02/scratch/c12g16-seed2,outputs/sparknet-lowdata02/scratch/c16g16-seed2,outputs/sparknet-lowdata02/scratch/c17g16-seed2,outputs/sparknet-lowdata02/scratch/c18g16-seed2,outputs/sparknet-lowdata10/scratch/c17g16-seed2,outputs/sparknet-lowdata10/scratch/c18g16-seed2,outputs/sparknet-lowdata02/pointwise_b1-bn/c8g16-seed3,outputs/sparknet-lowdata02/pointwise_b1-bn/c16g16-seed3,outputs/sparknet-lowdata10/pointwise_b1-bn/c16g16-seed3,outputs/sparknet-lowdata02/scratch/c4g16-seed3,outputs/sparknet-lowdata02/scratch/c6g16-seed3,outputs/sparknet-lowdata02/scratch/c8g16-seed3,outputs/sparknet-lowdata02/scratch/c12g16-seed3,outputs/sparknet-lowdata02/scratch/c16g16-seed3,outputs/sparknet-lowdata02/scratch/c17g16-seed3,outputs/sparknet-lowdata02/scratch/c18g16-seed3,outputs/sparknet-lowdata10/scratch/c17g16-seed3,outputs/sparknet-lowdata10/scratch/c18g16-seed3,outputs/sparknet-lowdata02/pointwise_b1-bn/c8g16-seed4,outputs/sparknet-lowdata02/pointwise_b1-bn/c16g16-seed4,outputs/sparknet-lowdata10/pointwise_b1-bn/c16g16-seed4,outputs/sparknet-lowdata02/scratch/c4g16-seed4,outputs/sparknet-lowdata02/scratch/c6g16-seed4,outputs/sparknet-lowdata02/scratch/c8g16-seed4,outputs/sparknet-lowdata02/scratch/c12g16-seed4,outputs/sparknet-lowdata02/scratch/c16g16-seed4,outputs/sparknet-lowdata02/scratch/c17g16-seed4,outputs/sparknet-lowdata02/scratch/c18g16-seed4,outputs/sparknet-lowdata10/scratch/c17g16-seed4,outputs/sparknet-lowdata10/scratch/c18g16-seed4,outputs/sparknet-lowdata10/scratch/c16g16-seed3,outputs/sparknet-lowdata10/scratch/c16g16-seed4",,empty jobs.txt after consumed queue is not evidence of no jobs
research-0927c,True,64,64,0,"outputs/sparknet-lowdata10/pointwise_b1-bn/c16g16-seed5,outputs/sparknet-lowdata10/scratch/c16g16-seed5,outputs/sparknet-lowdata10/scratch/c17g16-seed5,outputs/sparknet-lowdata10/scratch/c18g16-seed5,outputs/sparknet-lowdata10/pointwise_b1-bn/c16g16-seed6,outputs/sparknet-lowdata10/scratch/c16g16-seed6,outputs/sparknet-lowdata10/scratch/c17g16-seed6,outputs/sparknet-lowdata10/scratch/c18g16-seed6,outputs/sparknet-lowdata10/pointwise_b1-bn/c16g16-seed7,outputs/sparknet-lowdata10/scratch/c16g16-seed7,outputs/sparknet-lowdata10/scratch/c17g16-seed7,outputs/sparknet-lowdata10/scratch/c18g16-seed7,outputs/sparknet-lowdata10/pointwise_b1-bn/c16g16-seed8,outputs/sparknet-lowdata10/scratch/c16g16-seed8,outputs/sparknet-lowdata10/scratch/c17g16-seed8,outputs/sparknet-lowdata10/scratch/c18g16-seed8,outputs/sparknet-lowdata10/pointwise_b1-bn/c16g16-seed9,outputs/sparknet-lowdata10/scratch/c16g16-seed9,outputs/sparknet-lowdata10/scratch/c17g16-seed9,outputs/sparknet-lowdata10/scratch/c18g16-seed9,outputs/sparknet-lowdata10/pointwise_b2-bn/c16g16-seed0,outputs/sparknet-lowdata10/pointwise_b12-bn/c16g16-seed0,outputs/sparknet-lowdata10/pointwise_b123-bn/c16g16-seed0,outputs/sparknet-lowdata10/pointwise_b1-bn-sw5/c16g16-seed0,outputs/sparknet-lowdata10/pointwise_b1-bn/c18g16-seed0,outputs/sparknet-lowdata20/pointwise_b1-bn/c16g16-seed0,outputs/sparknet-lowdata20/scratch/c16g16-seed0,outputs/sparknet-lowdata20/scratch/c17g16-seed0,outputs/sparknet-lowdata10/pointwise_b2-bn/c16g16-seed1,outputs/sparknet-lowdata10/pointwise_b12-bn/c16g16-seed1,outputs/sparknet-lowdata10/pointwise_b123-bn/c16g16-seed1,outputs/sparknet-lowdata10/pointwise_b1-bn-sw5/c16g16-seed1,outputs/sparknet-lowdata10/pointwise_b1-bn/c18g16-seed1,outputs/sparknet-lowdata20/pointwise_b1-bn/c16g16-seed1,outputs/sparknet-lowdata20/scratch/c16g16-seed1,outputs/sparknet-lowdata20/scratch/c17g16-seed1,outputs/sparknet-lowdata10/pointwise_b2-bn/c16g16-seed2,outputs/sparknet-lowdata10/pointwise_b12-bn/c16g16-seed2,outputs/sparknet-lowdata10/pointwise_b123-bn/c16g16-seed2,outputs/sparknet-lowdata10/pointwise_b1-bn-sw5/c16g16-seed2,outputs/sparknet-lowdata10/pointwise_b1-bn/c18g16-seed2,outputs/sparknet-lowdata20/pointwise_b1-bn/c16g16-seed2,outputs/sparknet-lowdata20/scratch/c16g16-seed2,outputs/sparknet-lowdata20/scratch/c17g16-seed2,outputs/sparknet-lowdata10/pointwise_b2-bn/c16g16-seed3,outputs/sparknet-lowdata10/pointwise_b12-bn/c16g16-seed3,outputs/sparknet-lowdata10/pointwise_b123-bn/c16g16-seed3,outputs/sparknet-lowdata10/pointwise_b1-bn-sw5/c16g16-seed3,outputs/sparknet-lowdata10/pointwise_b1-bn/c18g16-seed3,outputs/sparknet-lowdata20/pointwise_b1-bn/c16g16-seed3,outputs/sparknet-lowdata20/scratch/c16g16-seed3,outputs/sparknet-lowdata20/scratch/c17g16-seed3,outputs/sparknet-lowdata10/pointwise_b2-bn/c16g16-seed4,outputs/sparknet-lowdata10/pointwise_b12-bn/c16g16-seed4,outputs/sparknet-lowdata10/pointwise_b123-bn/c16g16-seed4,outputs/sparknet-lowdata10/pointwise_b1-bn-sw5/c16g16-seed4,outputs/sparknet-lowdata10/pointwise_b1-bn/c18g16-seed4,outputs/sparknet-lowdata20/pointwise_b1-bn/c16g16-seed4,outputs/sparknet-lowdata20/scratch/c16g16-seed4,outputs/sparknet-lowdata20/scratch/c17g16-seed4,outputs/sparknet-lowdata10/pointwise_b1-bn/c12g16-seed3,outputs/sparknet-lowdata10/scratch/c12g16-seed3,outputs/sparknet-lowdata10/pointwise_b1-bn/c12g16-seed4,outputs/sparknet-lowdata10/scratch/c12g16-seed4",,empty jobs.txt after consumed queue is not evidence of no jobs
research-0927d,True,65,65,0,"outputs/sparknet-lowdata10/pointwise_b1-bn/c14g16-seed0,outputs/sparknet-lowdata10/scratch/c14g16-seed0,outputs/sparknet-lowdata10/scratch/c15g16-seed0,outputs/sparknet-lowdata10/pointwise_b1-bn/c14g16-seed1,outputs/sparknet-lowdata10/scratch/c14g16-seed1,outputs/sparknet-lowdata10/scratch/c15g16-seed1,outputs/sparknet-lowdata10/pointwise_b1-bn/c14g16-seed2,outputs/sparknet-lowdata10/scratch/c14g16-seed2,outputs/sparknet-lowdata10/scratch/c15g16-seed2,outputs/sparknet-lowdata10/pointwise_b1-bn/c14g16-seed3,outputs/sparknet-lowdata10/scratch/c14g16-seed3,outputs/sparknet-lowdata10/scratch/c15g16-seed3,outputs/sparknet-lowdata10/pointwise_b1-bn/c14g16-seed4,outputs/sparknet-lowdata10/scratch/c14g16-seed4,outputs/sparknet-lowdata10/scratch/c15g16-seed4,outputs/sparknet-lowdata10/pointwise_b1-bn/c14g16-seed5,outputs/sparknet-lowdata10/scratch/c14g16-seed5,outputs/sparknet-lowdata10/scratch/c15g16-seed5,outputs/sparknet-lowdata10/pointwise_b1-bn/c14g16-seed6,outputs/sparknet-lowdata10/scratch/c14g16-seed6,outputs/sparknet-lowdata10/scratch/c15g16-seed6,outputs/sparknet-lowdata10/pointwise_b1-bn/c14g16-seed7,outputs/sparknet-lowdata10/scratch/c14g16-seed7,outputs/sparknet-lowdata10/scratch/c15g16-seed7,outputs/sparknet-lowdata10/pointwise_b1-bn/c14g16-seed8,outputs/sparknet-lowdata10/scratch/c14g16-seed8,outputs/sparknet-lowdata10/scratch/c15g16-seed8,outputs/sparknet-lowdata10/pointwise_b1-bn/c14g16-seed9,outputs/sparknet-lowdata10/scratch/c14g16-seed9,outputs/sparknet-lowdata10/scratch/c15g16-seed9,outputs/sparknet-lowdata10/pointwise_b2-bn/c16g16-seed5,outputs/sparknet-lowdata10/pointwise_b2-bn/c16g16-seed6,outputs/sparknet-lowdata10/pointwise_b2-bn/c16g16-seed7,outputs/sparknet-lowdata10/pointwise_b2-bn/c16g16-seed8,outputs/sparknet-lowdata10/pointwise_b2-bn/c16g16-seed9,outputs/sparknet-lowdata10/pointwise_b1-bn/c16g16-seed10,outputs/sparknet-lowdata10/scratch/c16g16-seed10,outputs/sparknet-lowdata10/scratch/c17g16-seed10,outputs/sparknet-lowdata10/pointwise_b1-bn/c16g16-seed11,outputs/sparknet-lowdata10/scratch/c16g16-seed11,outputs/sparknet-lowdata10/scratch/c17g16-seed11,outputs/sparknet-lowdata10/pointwise_b1-bn/c16g16-seed12,outputs/sparknet-lowdata10/scratch/c16g16-seed12,outputs/sparknet-lowdata10/scratch/c17g16-seed12,outputs/sparknet-lowdata10/pointwise_b1-bn/c16g16-seed13,outputs/sparknet-lowdata10/scratch/c16g16-seed13,outputs/sparknet-lowdata10/scratch/c17g16-seed13,outputs/sparknet-lowdata10/pointwise_b1-bn/c16g16-seed14,outputs/sparknet-lowdata10/scratch/c16g16-seed14,outputs/sparknet-lowdata10/scratch/c17g16-seed14,outputs/sparknet-lowdata10/pointwise_b1-bn/c16g16-seed15,outputs/sparknet-lowdata10/scratch/c16g16-seed15,outputs/sparknet-lowdata10/scratch/c17g16-seed15,outputs/sparknet-lowdata10/pointwise_b1-bn/c16g16-seed16,outputs/sparknet-lowdata10/scratch/c16g16-seed16,outputs/sparknet-lowdata10/scratch/c17g16-seed16,outputs/sparknet-lowdata10/pointwise_b1-bn/c16g16-seed17,outputs/sparknet-lowdata10/scratch/c16g16-seed17,outputs/sparknet-lowdata10/scratch/c17g16-seed17,outputs/sparknet-lowdata10/pointwise_b1-bn/c16g16-seed18,outputs/sparknet-lowdata10/scratch/c16g16-seed18,outputs/sparknet-lowdata10/scratch/c17g16-seed18,outputs/sparknet-lowdata10/pointwise_b1-bn/c16g16-seed19,outputs/sparknet-lowdata10/scratch/c16g16-seed19,outputs/sparknet-lowdata10/scratch/c17g16-seed19",,empty jobs.txt after consumed queue is not evidence of no jobs
research-0927e,True,24,24,0,"outputs/sparknet-grow-dendrites-v3/gate_conv-bn/c9g4-seed0,outputs/sparknet-grow-dendrites-v3/gate_conv-bn/c6g4-seed0,outputs/sparknet-grow-dendrites-v3/gate_conv-bn/c9g8-seed0,outputs/sparknet-grow-dendrites-v3/gate_conv-bn-sw5/c9g4-seed0,outputs/sparknet-grow-dendrites-v3/gate_conv-bn/c9g4-seed1,outputs/sparknet-grow-dendrites-v3/gate_conv-bn/c6g4-seed1,outputs/sparknet-grow-dendrites-v3/gate_conv-bn/c9g8-seed1,outputs/sparknet-grow-dendrites-v3/gate_conv-bn-sw5/c9g4-seed1,outputs/sparknet-grow-dendrites-v3/gate_conv-bn/c9g4-seed2,outputs/sparknet-grow-dendrites-v3/gate_conv-bn/c6g4-seed2,outputs/sparknet-grow-dendrites-v3/gate_conv-bn/c9g8-seed2,outputs/sparknet-grow-dendrites-v3/gate_conv-bn-sw5/c9g4-seed2,outputs/sparknet-grow-dendrites-v3/gate_conv-bn/c9g4-seed3,outputs/sparknet-grow-dendrites-v3/gate_conv-bn/c6g4-seed3,outputs/sparknet-grow-dendrites-v3/gate_conv-bn/c9g8-seed3,outputs/sparknet-grow-dendrites-v3/gate_conv-bn-sw5/c9g4-seed3,outputs/sparknet-grow-dendrites-v3/gate_conv-bn/c9g4-seed4,outputs/sparknet-grow-dendrites-v3/gate_conv-bn/c6g4-seed4,outputs/sparknet-grow-dendrites-v3/gate_conv-bn/c9g8-seed4,outputs/sparknet-grow-dendrites-v3/gate_conv-bn-sw5/c9g4-seed4,outputs/sparknet-dendritic-study-v2/scratch/c9g4-seed3,outputs/sparknet-dendritic-study-v2/scratch/c6g4-seed3,outputs/sparknet-dendritic-study-v2/scratch/c9g4-seed4,outputs/sparknet-dendritic-study-v2/scratch/c6g4-seed4",,empty jobs.txt after consumed queue is not evidence of no jobs
research-0927f,True,39,36,0,"outputs/sparknet-native-dendrites/d18k2f4g16-seed0,outputs/sparknet-native-dendrites/d16k4f4g16-seed0,outputs/sparknet-native-dendrites/d14k2f3g16-seed0,outputs/sparknet-native-dendrites/d20k2f3g16-seed0,outputs/sparknet-native-dendrites/d18k2f4g16-seed1,outputs/sparknet-native-dendrites/d16k4f4g16-seed1,outputs/sparknet-native-dendrites/d14k2f3g16-seed1,outputs/sparknet-native-dendrites/d20k2f3g16-seed1,outputs/sparknet-native-dendrites/d18k2f4g16-seed2,outputs/sparknet-native-dendrites/d16k4f4g16-seed2,outputs/sparknet-native-dendrites/d14k2f3g16-seed2,outputs/sparknet-native-dendrites/d20k2f3g16-seed2,outputs/sparknet-native-dendrites/d18k2f4g16-seed3,outputs/sparknet-native-dendrites/d16k4f4g16-seed3,outputs/sparknet-native-dendrites/d14k2f3g16-seed3,outputs/sparknet-native-dendrites/d20k2f3g16-seed3,outputs/sparknet-native-dendrites/d18k2f4g16-seed4,outputs/sparknet-native-dendrites/d16k4f4g16-seed4,outputs/sparknet-native-dendrites/d20k2f3g16-seed3,outputs/sparknet-native-dendrites/d18k2f4g16-seed4,outputs/sparknet-native-dendrites/d16k4f4g16-seed4,outputs/sparknet-native-dendrites/d14k2f3g16-seed4,outputs/sparknet-native-dendrites/d20k2f3g16-seed4,outputs/sparknet-dendritic-study-v2/scratch/c17g16-seed3,outputs/sparknet-dendritic-study-v2/scratch/c18g16-seed3,outputs/sparknet-dendritic-study-v2/scratch/c17g16-seed4,outputs/sparknet-dendritic-study-v2/scratch/c18g16-seed4,outputs/sparknet-dendritic-study-v2/scratch/c16g16-seed1,outputs/sparknet-dendritic-study-v2/scratch/c16g16-seed2,outputs/sparknet-dendritic-study-v2/scratch/c16g16-seed3,outputs/sparknet-dendritic-study-v2/scratch/c16g16-seed4,outputs/sparknet-dendritic-study-v2/scratch/c14g16-seed0,outputs/sparknet-dendritic-study-v2/scratch/c14g16-seed1,outputs/sparknet-dendritic-study-v2/scratch/c14g16-seed2,outputs/sparknet-dendritic-study-v2/scratch/c14g16-seed3,outputs/sparknet-dendritic-study-v2/scratch/c14g16-seed4,outputs/sparknet-dendritic-study-v2/scratch/c19g16-seed0,outputs/sparknet-dendritic-study-v2/scratch/c19g16-seed1,outputs/sparknet-dendritic-study-v2/scratch/c19g16-seed2",,empty jobs.txt after consumed queue is not evidence of no jobs
research-0927g,True,29,29,0,"outputs/sparknet-native-dendrites/a16k1f16b1g16-seed0,outputs/sparknet-native-dendrites/a16k1f4g16-seed0,outputs/sparknet-native-dendrites/a16k2f4g16-seed0,outputs/sparknet-native-dendrites/a12k2f3g16-seed0,outputs/sparknet-native-dendrites/a16k1f16b1g16-seed1,outputs/sparknet-native-dendrites/a16k1f4g16-seed1,outputs/sparknet-native-dendrites/a16k2f4g16-seed1,outputs/sparknet-native-dendrites/a12k2f3g16-seed1,outputs/sparknet-native-dendrites/a16k1f16b1g16-seed2,outputs/sparknet-native-dendrites/a16k1f4g16-seed2,outputs/sparknet-native-dendrites/a16k2f4g16-seed2,outputs/sparknet-native-dendrites/a12k2f3g16-seed2,outputs/sparknet-native-dendrites/a16k1f16b1g16-seed3,outputs/sparknet-native-dendrites/a16k1f4g16-seed3,outputs/sparknet-native-dendrites/a16k2f4g16-seed3,outputs/sparknet-native-dendrites/a12k2f3g16-seed3,outputs/sparknet-native-dendrites/a16k1f16b1g16-seed4,outputs/sparknet-native-dendrites/a16k1f4g16-seed4,outputs/sparknet-native-dendrites/a16k2f4g16-seed4,outputs/sparknet-native-dendrites/a12k2f3g16-seed4,outputs/sparknet-dendritic-study-v2/scratch/c13g16-seed0,outputs/sparknet-dendritic-study-v2/scratch/c13g16-seed1,outputs/sparknet-dendritic-study-v2/scratch/c13g16-seed2,outputs/sparknet-dendritic-study-v2/scratch/c13g16-seed3,outputs/sparknet-dendritic-study-v2/scratch/c13g16-seed4,outputs/sparknet-dendritic-study-v2/scratch/c12g16-seed3,outputs/sparknet-dendritic-study-v2/scratch/c19g16-seed3,outputs/sparknet-dendritic-study-v2/scratch/c12g16-seed4,outputs/sparknet-dendritic-study-v2/scratch/c19g16-seed4",,empty jobs.txt after consumed queue is not evidence of no jobs
research-0928a,True,26,26,0,"outputs/sparknet-native-dendrites/b0a16k2f8g16-seed0,outputs/sparknet-native-dendrites/b0a9k1f8g12-seed0,outputs/sparknet-native-dendrites/b0a16k4f4g16-seed0,outputs/sparknet-native-dendrites/b0a9k2f8g12-seed0,outputs/sparknet-native-dendrites/b0a16k2f8g16-seed1,outputs/sparknet-native-dendrites/b0a9k1f8g12-seed1,outputs/sparknet-native-dendrites/b0a16k4f4g16-seed1,outputs/sparknet-native-dendrites/b0a9k2f8g12-seed1,outputs/sparknet-native-dendrites/b0a16k2f8g16-seed2,outputs/sparknet-native-dendrites/b0a9k1f8g12-seed2,outputs/sparknet-native-dendrites/b0a16k4f4g16-seed2,outputs/sparknet-native-dendrites/b0a9k2f8g12-seed2,outputs/sparknet-native-dendrites/b0a16k2f8g16-seed3,outputs/sparknet-native-dendrites/b0a9k1f8g12-seed3,outputs/sparknet-native-dendrites/b0a16k4f4g16-seed3,outputs/sparknet-native-dendrites/b0a9k2f8g12-seed3,outputs/sparknet-native-dendrites/b0a16k2f8g16-seed4,outputs/sparknet-native-dendrites/b0a9k1f8g12-seed4,outputs/sparknet-native-dendrites/b0a16k4f4g16-seed4,outputs/sparknet-native-dendrites/b0a9k2f8g12-seed4,outputs/sparknet-dendritic-study-v2/scratch/c9g12-seed3,outputs/sparknet-dendritic-study-v2/scratch/c9g16-seed3,outputs/sparknet-dendritic-study-v2/scratch/c10g12-seed3,outputs/sparknet-dendritic-study-v2/scratch/c9g12-seed4,outputs/sparknet-dendritic-study-v2/scratch/c9g16-seed4,outputs/sparknet-dendritic-study-v2/scratch/c10g12-seed4",,empty jobs.txt after consumed queue is not evidence of no jobs
research-0928b,True,41,41,0,"outputs/students-ei/ei_c4x8-seed0,outputs/students-ei/ei_c4x8_hd1f32-seed0,outputs/students-ei/ei_c5x10-seed0,outputs/students-ei/ei_c4x8_hd2f32-seed0,outputs/students-ei/ei_c6x12-seed0,outputs/students-ei/ei_c4x8_hd4f32-seed0,outputs/students-ei/ei_c7x14-seed0,outputs/students-ei/ei_c8x16-seed0,outputs/students-ei/ei_c8x16_hd1f64-seed0,outputs/students-ei/ei_c9x18-seed0,outputs/students-ei/ei_c8x16_hd2f64-seed0,outputs/students-ei/ei_c10x20-seed0,outputs/students-dscnn/ds_cnn_w20_mfcc-seed0,outputs/students-dscnn/ds_cnn_w20d1f4_mfcc-seed0,outputs/students-dscnn/ds_cnn_w20d2f4_mfcc-seed0,outputs/students-dscnn/ds_cnn_w24_mfcc-seed0,outputs/students-dscnn/ds_cnn_w24fcd4f8_mfcc-seed0,outputs/students-ei-adamw/ei_c4x8-seed0,outputs/students-ei-adamw/ei_c4x8_hd2f32-seed0,outputs/students-ei-adamw/ei_c8x16-seed0,outputs/students-ei-adamw/ei_c8x16_hd2f64-seed0,outputs/students-ei-adamw/ei_c10x20-seed0,outputs/students-dscnn/ds_cnn_w24d2f4_mfcc-seed0,outputs/students-dscnn/ds_cnn_w28_mfcc-seed0,outputs/students-dscnn/ds_cnn_w32_mfcc-seed0,outputs/students-dscnn/ds_cnn_w20_mfcc-seed1,outputs/students-dscnn/ds_cnn_w20d1f4_mfcc-seed1,outputs/students-dscnn/ds_cnn_w20d2f4_mfcc-seed1,outputs/students-dscnn/ds_cnn_w24_mfcc-seed1,outputs/students-dscnn/ds_cnn_w24fcd4f8_mfcc-seed1,outputs/students-dscnn/ds_cnn_w24d2f4_mfcc-seed1,outputs/students-dscnn/ds_cnn_w28_mfcc-seed1,outputs/students-dscnn/ds_cnn_w32_mfcc-seed1,outputs/students-dscnn/ds_cnn_w20_mfcc-seed2,outputs/students-dscnn/ds_cnn_w20d1f4_mfcc-seed2,outputs/students-dscnn/ds_cnn_w20d2f4_mfcc-seed2,outputs/students-dscnn/ds_cnn_w24_mfcc-seed2,outputs/students-dscnn/ds_cnn_w24fcd4f8_mfcc-seed2,outputs/students-dscnn/ds_cnn_w24d2f4_mfcc-seed2,outputs/students-dscnn/ds_cnn_w28_mfcc-seed2,outputs/students-dscnn/ds_cnn_w32_mfcc-seed2",,empty jobs.txt after consumed queue is not evidence of no jobs
research-0928c,True,7,7,0,"outputs/sparknet-paper-replication/c16-seed5,outputs/sparknet-c16-ptp/seed0,outputs/sparknet-c16-ptp/seed1,outputs/sparknet-c16-ptp/seed2,outputs/sparknet-c16-ptp/seed3,outputs/sparknet-c16-ptp/seed4,outputs/sparknet-c16-ptp/seed5",,empty jobs.txt after consumed queue is not evidence of no jobs
research-0928d,True,12,12,0,"outputs/sparknet-dendritic-study-v2/scratch/c18g8-seed3,outputs/sparknet-dendritic-study-v2/scratch/c18g8-seed4,outputs/sparknet-c16g16-ptp/seed0,outputs/sparknet-c16g16-ptp/seed1,outputs/sparknet-c16g16-ptp/seed2,outputs/sparknet-c16g16-ptp/seed3,outputs/sparknet-c16g16-ptp/seed4,outputs/sparknet-c18g8-ptp/seed0,outputs/sparknet-c18g8-ptp/seed1,outputs/sparknet-c18g8-ptp/seed2,outputs/sparknet-c18g8-ptp/seed3,outputs/sparknet-c18g8-ptp/seed4",,empty jobs.txt after consumed queue is not evidence of no jobs
research-0929a,False,50,50,0,"outputs/students-dnn/dnn_h16_d2f32-seed0,outputs/students-dnn/dnn_h18-seed0,outputs/students-dnn/dnn_h16-seed0,outputs/students-dnn/dnn_h16_d4f32-seed0,outputs/students-dnn/dnn_h20-seed0,outputs/students-dnn/dnn_h32_d2f32-seed0,outputs/students-dnn/dnn_h35-seed0,outputs/students-dnn/dnn_h24-seed0,outputs/students-dnn/dnn_h32-seed0,outputs/students-dnn/dnn_h48-seed0,outputs/students-dnn/dnn_h16_d2f32-seed1,outputs/students-dnn/dnn_h18-seed1,outputs/students-dnn/dnn_h16-seed1,outputs/students-dnn/dnn_h16_d4f32-seed1,outputs/students-dnn/dnn_h20-seed1,outputs/students-dnn/dnn_h32_d2f32-seed1,outputs/students-dnn/dnn_h35-seed1,outputs/students-dnn/dnn_h24-seed1,outputs/students-dnn/dnn_h32-seed1,outputs/students-dnn/dnn_h48-seed1,outputs/students-dnn/dnn_h16_d2f32-seed2,outputs/students-dnn/dnn_h18-seed2,outputs/students-dnn/dnn_h16-seed2,outputs/students-dnn/dnn_h16_d4f32-seed2,outputs/students-dnn/dnn_h20-seed2,outputs/students-dnn/dnn_h32_d2f32-seed2,outputs/students-dnn/dnn_h35-seed2,outputs/students-dnn/dnn_h24-seed2,outputs/students-dnn/dnn_h32-seed2,outputs/students-dnn/dnn_h48-seed2,outputs/students-dnn/dnn_h16_d2f32-seed3,outputs/students-dnn/dnn_h18-seed3,outputs/students-dnn/dnn_h16-seed3,outputs/students-dnn/dnn_h16_d4f32-seed3,outputs/students-dnn/dnn_h20-seed3,outputs/students-dnn/dnn_h32_d2f32-seed3,outputs/students-dnn/dnn_h35-seed3,outputs/students-dnn/dnn_h24-seed3,outputs/students-dnn/dnn_h32-seed3,outputs/students-dnn/dnn_h48-seed3,outputs/students-dnn/dnn_h16_d2f32-seed4,outputs/students-dnn/dnn_h18-seed4,outputs/students-dnn/dnn_h16-seed4,outputs/students-dnn/dnn_h16_d4f32-seed4,outputs/students-dnn/dnn_h20-seed4,outputs/students-dnn/dnn_h32_d2f32-seed4,outputs/students-dnn/dnn_h35-seed4,outputs/students-dnn/dnn_h24-seed4,outputs/students-dnn/dnn_h32-seed4,outputs/students-dnn/dnn_h48-seed4",,empty jobs.txt after consumed queue is not evidence of no jobs
research-0929b,False,35,35,0,"outputs/students-dnn/dnn_h16_d2f32lin-seed0,outputs/students-dnn/dnn_h16_d4f32lin-seed0,outputs/students-dnn/dnn_h16_d4f32hid-seed0,outputs/students-dnn/dnn_h16_d4f32head-seed0,outputs/students-dnn/dnn_h16_d4f32rnd-seed0,outputs/students-dnn/dnn_h16x59-seed0,outputs/students-dnn/dnn_h16x112-seed0,outputs/students-dnn/dnn_h16_d2f32lin-seed1,outputs/students-dnn/dnn_h16_d4f32lin-seed1,outputs/students-dnn/dnn_h16_d4f32hid-seed1,outputs/students-dnn/dnn_h16_d4f32head-seed1,outputs/students-dnn/dnn_h16_d4f32rnd-seed1,outputs/students-dnn/dnn_h16x59-seed1,outputs/students-dnn/dnn_h16x112-seed1,outputs/students-dnn/dnn_h16_d2f32lin-seed2,outputs/students-dnn/dnn_h16_d4f32lin-seed2,outputs/students-dnn/dnn_h16_d4f32hid-seed2,outputs/students-dnn/dnn_h16_d4f32head-seed2,outputs/students-dnn/dnn_h16_d4f32rnd-seed2,outputs/students-dnn/dnn_h16x59-seed2,outputs/students-dnn/dnn_h16x112-seed2,outputs/students-dnn/dnn_h16_d2f32lin-seed3,outputs/students-dnn/dnn_h16_d4f32lin-seed3,outputs/students-dnn/dnn_h16_d4f32hid-seed3,outputs/students-dnn/dnn_h16_d4f32head-seed3,outputs/students-dnn/dnn_h16_d4f32rnd-seed3,outputs/students-dnn/dnn_h16x59-seed3,outputs/students-dnn/dnn_h16x112-seed3,outputs/students-dnn/dnn_h16_d2f32lin-seed4,outputs/students-dnn/dnn_h16_d4f32lin-seed4,outputs/students-dnn/dnn_h16_d4f32hid-seed4,outputs/students-dnn/dnn_h16_d4f32head-seed4,outputs/students-dnn/dnn_h16_d4f32rnd-seed4,outputs/students-dnn/dnn_h16x59-seed4,outputs/students-dnn/dnn_h16x112-seed4",,empty jobs.txt after consumed queue is not evidence of no jobs
research-0929c,False,50,25,25,"outputs/students-dnn/dnn_h16x59_hd2-seed0,outputs/students-dnn/dnn_h16x87-seed0,outputs/students-dnn/dnn_h16x59x21-seed0,outputs/students-dnn/dnn_h16x59_hd4-seed0,outputs/students-dnn/dnn_h16x59x32-seed0,outputs/students-dnn/dnn_h16x59_hd2-seed1,outputs/students-dnn/dnn_h16x87-seed1,outputs/students-dnn/dnn_h16x59x21-seed1,outputs/students-dnn/dnn_h16x59_hd4-seed1,outputs/students-dnn/dnn_h16x59x32-seed1,outputs/students-dnn/dnn_h16x59_hd2-seed2,outputs/students-dnn/dnn_h16x87-seed2,outputs/students-dnn/dnn_h16x59x21-seed2,outputs/students-dnn/dnn_h16x59_hd4-seed2,outputs/students-dnn/dnn_h16x59x32-seed2,outputs/students-dnn/dnn_h16x59_hd2-seed3,outputs/students-dnn/dnn_h16x87-seed3,outputs/students-dnn/dnn_h16x59x21-seed3,outputs/students-dnn/dnn_h16x59_hd4-seed3,outputs/students-dnn/dnn_h16x59x32-seed3,outputs/students-dnn/dnn_h16x59_hd2-seed4,outputs/students-dnn/dnn_h16x87-seed4,outputs/students-dnn/dnn_h16x59x21-seed4,outputs/students-dnn/dnn_h16x59_hd4-seed4,outputs/students-dnn/dnn_h16x59x32-seed4,outputs/students-dnn/dnn_h16x59_hd2-seed0,outputs/students-dnn/dnn_h16x87-seed0,outputs/students-dnn/dnn_h16x59x21-seed0,outputs/students-dnn/dnn_h16x59_hd4-seed0,outputs/students-dnn/dnn_h16x59x32-seed0,outputs/students-dnn/dnn_h16x59_hd2-seed1,outputs/students-dnn/dnn_h16x87-seed1,outputs/students-dnn/dnn_h16x59x21-seed1,outputs/students-dnn/dnn_h16x59_hd4-seed1,outputs/students-dnn/dnn_h16x59x32-seed1,outputs/students-dnn/dnn_h16x59_hd2-seed2,outputs/students-dnn/dnn_h16x87-seed2,outputs/students-dnn/dnn_h16x59x21-seed2,outputs/students-dnn/dnn_h16x59_hd4-seed2,outputs/students-dnn/dnn_h16x59x32-seed2,outputs/students-dnn/dnn_h16x59_hd2-seed3,outputs/students-dnn/dnn_h16x87-seed3,outputs/students-dnn/dnn_h16x59x21-seed3,outputs/students-dnn/dnn_h16x59_hd4-seed3,outputs/students-dnn/dnn_h16x59x32-seed3,outputs/students-dnn/dnn_h16x59_hd2-seed4,outputs/students-dnn/dnn_h16x87-seed4,outputs/students-dnn/dnn_h16x59x21-seed4,outputs/students-dnn/dnn_h16x59_hd4-seed4,outputs/students-dnn/dnn_h16x59x32-seed4","outputs/students-dnn/dnn_h16x59_hd2-seed0,outputs/students-dnn/dnn_h16x87-seed0,outputs/students-dnn/dnn_h16x59x21-seed0,outputs/students-dnn/dnn_h16x59_hd4-seed0,outputs/students-dnn/dnn_h16x59x32-seed0,outputs/students-dnn/dnn_h16x59_hd2-seed1,outputs/students-dnn/dnn_h16x87-seed1,outputs/students-dnn/dnn_h16x59x21-seed1,outputs/students-dnn/dnn_h16x59_hd4-seed1,outputs/students-dnn/dnn_h16x59x32-seed1,outputs/students-dnn/dnn_h16x59_hd2-seed2,outputs/students-dnn/dnn_h16x87-seed2,outputs/students-dnn/dnn_h16x59x21-seed2,outputs/students-dnn/dnn_h16x59_hd4-seed2,outputs/students-dnn/dnn_h16x59x32-seed2,outputs/students-dnn/dnn_h16x59_hd2-seed3,outputs/students-dnn/dnn_h16x87-seed3,outputs/students-dnn/dnn_h16x59x21-seed3,outputs/students-dnn/dnn_h16x59_hd4-seed3,outputs/students-dnn/dnn_h16x59x32-seed3,outputs/students-dnn/dnn_h16x87-seed4,outputs/students-dnn/dnn_h16x59_hd2-seed4,outputs/students-dnn/dnn_h16x59x21-seed4,outputs/students-dnn/dnn_h16x59_hd4-seed4,outputs/students-dnn/dnn_h16x59x32-seed4",empty jobs.txt after consumed queue is not evidence of no jobs
research-0930a,False,60,60,0,"outputs/students-dtnet/dtnet_a_het-seed0,outputs/students-msd/sparknet_msd_a_relu-seed0,outputs/students-dtnet/dtnet_a_shared-seed0,outputs/students-msd/sparknet_msd_a_lin-seed0,outputs/students-dtnet/dtnet_a_lin-seed0,outputs/students-msd/sparknet_msd_a_dense-seed0,outputs/students-dtnet/dtnet_a_rnd-seed0,outputs/students-msd/sparknet_msd_a_1scale-seed0,outputs/students-dtnet/dtnet_a_mfcc-seed0,outputs/students-msd/sparknet_msd_a13_relu-seed0,outputs/students-dtnet/dtnet_a_notau-seed0,outputs/students-msd/sparknet_msd_a13_lin-seed0,outputs/students-dtnet/dtnet_a_point-seed0,outputs/students-msd/sparknet_msd_a13_dense-seed0,outputs/students-dtnet/dtnet_a_point3-seed0,outputs/students-msd/sparknet_msd_b_relu-seed0,outputs/students-dtnet/dtnet_b_het-seed0,outputs/students-msd/sparknet_msd_b_lin-seed0,outputs/students-dtnet/dtnet_b_point-seed0,outputs/students-msd/sparknet_msd_b_dense-seed0,outputs/students-dtnet/dtnet_a_het-seed1,outputs/students-msd/sparknet_msd_a_relu-seed1,outputs/students-dtnet/dtnet_a_shared-seed1,outputs/students-msd/sparknet_msd_a_lin-seed1,outputs/students-dtnet/dtnet_a_lin-seed1,outputs/students-msd/sparknet_msd_a_dense-seed1,outputs/students-dtnet/dtnet_a_rnd-seed1,outputs/students-msd/sparknet_msd_a_1scale-seed1,outputs/students-dtnet/dtnet_a_mfcc-seed1,outputs/students-msd/sparknet_msd_a13_relu-seed1,outputs/students-dtnet/dtnet_a_notau-seed1,outputs/students-msd/sparknet_msd_a13_lin-seed1,outputs/students-dtnet/dtnet_a_point-seed1,outputs/students-msd/sparknet_msd_a13_dense-seed1,outputs/students-dtnet/dtnet_a_point3-seed1,outputs/students-msd/sparknet_msd_b_relu-seed1,outputs/students-dtnet/dtnet_b_het-seed1,outputs/students-msd/sparknet_msd_b_lin-seed1,outputs/students-dtnet/dtnet_b_point-seed1,outputs/students-msd/sparknet_msd_b_dense-seed1,outputs/students-dtnet/dtnet_a_het-seed2,outputs/students-msd/sparknet_msd_a_relu-seed2,outputs/students-dtnet/dtnet_a_shared-seed2,outputs/students-msd/sparknet_msd_a_lin-seed2,outputs/students-dtnet/dtnet_a_lin-seed2,outputs/students-msd/sparknet_msd_a_dense-seed2,outputs/students-dtnet/dtnet_a_rnd-seed2,outputs/students-msd/sparknet_msd_a_1scale-seed2,outputs/students-dtnet/dtnet_a_mfcc-seed2,outputs/students-msd/sparknet_msd_a13_relu-seed2,outputs/students-dtnet/dtnet_a_notau-seed2,outputs/students-msd/sparknet_msd_a13_lin-seed2,outputs/students-dtnet/dtnet_a_point-seed2,outputs/students-msd/sparknet_msd_a13_dense-seed2,outputs/students-dtnet/dtnet_a_point3-seed2,outputs/students-msd/sparknet_msd_b_relu-seed2,outputs/students-dtnet/dtnet_b_het-seed2,outputs/students-msd/sparknet_msd_b_lin-seed2,outputs/students-dtnet/dtnet_b_point-seed2,outputs/students-msd/sparknet_msd_b_dense-seed2",,empty jobs.txt after consumed queue is not evidence of no jobs
research-1001a,True,85,80,0,"outputs/pai-faithful/pb-all-max1-tanh-sw25-c8x16-seed0,outputs/pai-faithful/pb-all-max1-tanh-sw25-c4x8-seed0,outputs/pai-faithful/pb-linear-max3-tanh-sw25-c8x16-seed0,outputs/pai-faithful/gd-all-max1-tanh-sw25-c4x8-seed0,outputs/pai-faithful/pb-all-max1-relu-sw25-c4x8-seed0,outputs/pai-faithful/none-r25-c28x56-seed0,outputs/pai-faithful/none-r25-c16x32-seed0,outputs/pai-faithful/none-r25-c8x16-seed0,outputs/pai-faithful/none-c28x56-seed0,outputs/pai-faithful/none-c24x48-seed0,outputs/pai-faithful/none-c20x40-seed0,outputs/pai-faithful/none-c16x32-seed0,outputs/pai-faithful/none-c12x24-seed0,outputs/pai-faithful/none-c8x16-seed0,outputs/pai-faithful/none-c6x12-seed0,outputs/pai-faithful/none-c4x8-seed0,outputs/pai-faithful/pb-all-max1-tanh-sw25-c8x16-seed1,outputs/pai-faithful/pb-all-max1-tanh-sw25-c4x8-seed1,outputs/pai-faithful/pb-linear-max3-tanh-sw25-c8x16-seed1,outputs/pai-faithful/gd-all-max1-tanh-sw25-c4x8-seed1,outputs/pai-faithful/pb-all-max1-relu-sw25-c4x8-seed1,outputs/pai-faithful/none-r25-c28x56-seed1,outputs/pai-faithful/none-r25-c16x32-seed1,outputs/pai-faithful/none-r25-c8x16-seed1,outputs/pai-faithful/none-c28x56-seed1,outputs/pai-faithful/none-c24x48-seed1,outputs/pai-faithful/none-c20x40-seed1,outputs/pai-faithful/none-c16x32-seed1,outputs/pai-faithful/none-c12x24-seed1,outputs/pai-faithful/none-c8x16-seed1,outputs/pai-faithful/none-c6x12-seed1,outputs/pai-faithful/none-c4x8-seed1,outputs/pai-faithful/pb-all-max1-tanh-sw25-c8x16-seed2,outputs/pai-faithful/pb-all-max1-tanh-sw25-c4x8-seed2,outputs/pai-faithful/pb-linear-max3-tanh-sw25-c8x16-seed2,outputs/pai-faithful/gd-all-max1-tanh-sw25-c4x8-seed2,outputs/pai-faithful/pb-all-max1-relu-sw25-c4x8-seed2,outputs/pai-faithful/none-r25-c28x56-seed2,outputs/pai-faithful/none-r25-c16x32-seed2,outputs/pai-faithful/none-r25-c8x16-seed2,outputs/pai-faithful/none-c28x56-seed2,outputs/pai-faithful/none-c24x48-seed2,outputs/pai-faithful/none-c20x40-seed2,outputs/pai-faithful/none-c16x32-seed2,outputs/pai-faithful/none-c12x24-seed2,outputs/pai-faithful/none-c8x16-seed2,outputs/pai-faithful/none-c6x12-seed2,outputs/pai-faithful/none-c4x8-seed2,outputs/pai-faithful/none-c4x8-seed2,outputs/pai-faithful/none-c8x16-seed2,outputs/pai-faithful/none-c6x12-seed2,outputs/pai-faithful/none-c12x24-seed2,outputs/pai-faithful/none-c20x40-seed2,outputs/pai-faithful/pb-all-max1-tanh-sw25-c8x16-seed3,outputs/pai-faithful/pb-all-max1-tanh-sw25-c4x8-seed3,outputs/pai-faithful/pb-linear-max3-tanh-sw25-c8x16-seed3,outputs/pai-faithful/gd-all-max1-tanh-sw25-c4x8-seed3,outputs/pai-faithful/pb-all-max1-relu-sw25-c4x8-seed3,outputs/pai-faithful/none-r25-c28x56-seed3,outputs/pai-faithful/none-r25-c16x32-seed3,outputs/pai-faithful/none-r25-c8x16-seed3,outputs/pai-faithful/none-c28x56-seed3,outputs/pai-faithful/none-c24x48-seed3,outputs/pai-faithful/none-c20x40-seed3,outputs/pai-faithful/none-c16x32-seed3,outputs/pai-faithful/none-c12x24-seed3,outputs/pai-faithful/none-c8x16-seed3,outputs/pai-faithful/none-c6x12-seed3,outputs/pai-faithful/none-c4x8-seed3,outputs/pai-faithful/pb-all-max1-tanh-sw25-c8x16-seed4,outputs/pai-faithful/pb-all-max1-tanh-sw25-c4x8-seed4,outputs/pai-faithful/pb-linear-max3-tanh-sw25-c8x16-seed4,outputs/pai-faithful/gd-all-max1-tanh-sw25-c4x8-seed4,outputs/pai-faithful/pb-all-max1-relu-sw25-c4x8-seed4,outputs/pai-faithful/none-r25-c28x56-seed4,outputs/pai-faithful/none-r25-c16x32-seed4,outputs/pai-faithful/none-r25-c8x16-seed4,outputs/pai-faithful/none-c28x56-seed4,outputs/pai-faithful/none-c24x48-seed4,outputs/pai-faithful/none-c20x40-seed4,outputs/pai-faithful/none-c16x32-seed4,outputs/pai-faithful/none-c12x24-seed4,outputs/pai-faithful/none-c8x16-seed4,outputs/pai-faithful/none-c6x12-seed4,outputs/pai-faithful/none-c4x8-seed4",,empty jobs.txt after consumed queue is not evidence of no jobs
research-1001b,True,102,92,4,"outputs/pai-faithful-b21/f10-none-c4x8-seed0,outputs/pai-faithful-b21/f10-none-c8x16-seed0,outputs/pai-faithful-b21/f10-none-c12x24-seed0,outputs/pai-faithful-b21/f10-none-c16x32-seed0,outputs/pai-faithful-b21/f10-none-c24x48-seed0,outputs/pai-faithful-b21/f10-none-r25-c8x16-seed0,outputs/pai-faithful-b21/f10-none-r25-c16x32-seed0,outputs/pai-faithful-b21/f10-pb-all-max1-tanh-sw25-c4x8-seed0,outputs/pai-faithful-b21/f10-pb-all-max1-tanh-sw25-c8x16-seed0,outputs/pai-faithful-b21/f10-pb-all-max1-relu-sw25-c8x16-seed0,outputs/pai-faithful-b21/f10-gd-all-max1-tanh-sw25-c8x16-seed0,outputs/pai-faithful-b21/det-none-c8x16-seed0,outputs/pai-faithful-b21/det-none-c16x32-seed0,outputs/pai-faithful-b21/det-pb-all-max1-relu-sw25-c8x16-seed0,outputs/pai-faithful-b21/f20-none-c4x8-seed0,outputs/pai-faithful-b21/f20-none-c8x16-seed0,outputs/pai-faithful-b21/f20-none-c12x24-seed0,outputs/pai-faithful-b21/f20-none-c16x32-seed0,outputs/pai-faithful-b21/f20-none-c24x48-seed0,outputs/pai-faithful-b21/f20-none-r25-c8x16-seed0,outputs/pai-faithful-b21/f20-none-r25-c16x32-seed0,outputs/pai-faithful-b21/f20-pb-all-max1-tanh-sw25-c4x8-seed0,outputs/pai-faithful-b21/f20-pb-all-max1-tanh-sw25-c8x16-seed0,outputs/pai-faithful-b21/f20-pb-all-max1-relu-sw25-c8x16-seed0,outputs/pai-faithful-b21/f20-gd-all-max1-tanh-sw25-c8x16-seed0,outputs/pai-faithful-b21/f20-det-none-c8x16-seed0,outputs/pai-faithful-b21/f20-det-pb-all-max1-relu-sw25-c8x16-seed0,outputs/pai-faithful-b21/pb-all-max1-relu-sw25-c8x16-seed0,outputs/pai-faithful-b21/f20-none-c4x8-seed1,outputs/pai-faithful-b21/f20-none-c8x16-seed1,outputs/pai-faithful-b21/f20-none-c12x24-seed1,outputs/pai-faithful-b21/f20-none-c12x24-seed1,outputs/pai-faithful-b21/pb-all-max1-relu-sw25-c8x16-seed0,outputs/pai-faithful-b21/f20-none-c8x16-seed1,outputs/pai-faithful-b21/f20-det-pb-all-max1-relu-sw25-c8x16-seed0,outputs/pai-faithful-b21/det-pb-all-max1-relu-sw25-c8x16-seed0,outputs/pai-faithful-b21/f20-none-c4x8-seed1,outputs/pai-faithful-b21/f20-none-c16x32-seed1,outputs/pai-faithful-b21/f20-none-c24x48-seed1,outputs/pai-faithful-b21/f20-none-r25-c8x16-seed1,outputs/pai-faithful-b21/f20-none-r25-c16x32-seed1,outputs/pai-faithful-b21/f20-pb-all-max1-tanh-sw25-c4x8-seed1,outputs/pai-faithful-b21/f20-pb-all-max1-tanh-sw25-c8x16-seed1,outputs/pai-faithful-b21/f20-pb-all-max1-relu-sw25-c8x16-seed1,outputs/pai-faithful-b21/f20-gd-all-max1-tanh-sw25-c8x16-seed1,outputs/pai-faithful-b21/det-none-c8x16-seed1,outputs/pai-faithful-b21/det-none-c16x32-seed1,outputs/pai-faithful-b21/det-pb-all-max1-relu-sw25-c8x16-seed1,outputs/pai-faithful-b21/pb-all-max1-relu-sw25-c8x16-seed1,outputs/pai-faithful-b21/f20-det-none-c8x16-seed1,outputs/pai-faithful-b21/f20-det-pb-all-max1-relu-sw25-c8x16-seed1,outputs/pai-faithful-b21/f20-none-c4x8-seed2,outputs/pai-faithful-b21/f20-none-c8x16-seed2,outputs/pai-faithful-b21/f20-none-c12x24-seed2,outputs/pai-faithful-b21/f20-none-c16x32-seed2,outputs/pai-faithful-b21/f20-none-c24x48-seed2,outputs/pai-faithful-b21/f20-none-r25-c8x16-seed2,outputs/pai-faithful-b21/f20-none-r25-c16x32-seed2,outputs/pai-faithful-b21/f20-pb-all-max1-tanh-sw25-c4x8-seed2,outputs/pai-faithful-b21/f20-pb-all-max1-tanh-sw25-c8x16-seed2,outputs/pai-faithful-b21/f20-pb-all-max1-relu-sw25-c8x16-seed2,outputs/pai-faithful-b21/f20-gd-all-max1-tanh-sw25-c8x16-seed2,outputs/pai-faithful-b21/det-none-c8x16-seed2,outputs/pai-faithful-b21/det-none-c16x32-seed2,outputs/pai-faithful-b21/det-pb-all-max1-relu-sw25-c8x16-seed2,outputs/pai-faithful-b21/pb-all-max1-relu-sw25-c8x16-seed2,outputs/pai-faithful-b21/f20-det-none-c8x16-seed2,outputs/pai-faithful-b21/f20-det-pb-all-max1-relu-sw25-c8x16-seed2,outputs/pai-faithful-b21/f20-none-c4x8-seed3,outputs/pai-faithful-b21/f20-none-c8x16-seed3,outputs/pai-faithful-b21/f20-none-c12x24-seed3,outputs/pai-faithful-b21/f20-none-c16x32-seed3,outputs/pai-faithful-b21/f20-none-c24x48-seed3,outputs/pai-faithful-b21/f20-none-r25-c8x16-seed3,outputs/pai-faithful-b21/f20-none-r25-c16x32-seed3,outputs/pai-faithful-b21/f20-pb-all-max1-tanh-sw25-c4x8-seed3,outputs/pai-faithful-b21/f20-pb-all-max1-tanh-sw25-c8x16-seed3,outputs/pai-faithful-b21/f20-pb-all-max1-relu-sw25-c8x16-seed3,outputs/pai-faithful-b21/f20-gd-all-max1-tanh-sw25-c8x16-seed3,outputs/pai-faithful-b21/det-none-c8x16-seed3,outputs/pai-faithful-b21/det-none-c16x32-seed3,outputs/pai-faithful-b21/det-pb-all-max1-relu-sw25-c8x16-seed3,outputs/pai-faithful-b21/pb-all-max1-relu-sw25-c8x16-seed3,outputs/pai-faithful-b21/f20-det-none-c8x16-seed3,outputs/pai-faithful-b21/f20-det-pb-all-max1-relu-sw25-c8x16-seed3,outputs/pai-faithful-b21/f20-none-c4x8-seed4,outputs/pai-faithful-b21/f20-none-c8x16-seed4,outputs/pai-faithful-b21/f20-none-c12x24-seed4,outputs/pai-faithful-b21/f20-none-c16x32-seed4,outputs/pai-faithful-b21/f20-none-c24x48-seed4,outputs/pai-faithful-b21/f20-none-r25-c8x16-seed4,outputs/pai-faithful-b21/f20-none-r25-c16x32-seed4,outputs/pai-faithful-b21/f20-pb-all-max1-tanh-sw25-c4x8-seed4,outputs/pai-faithful-b21/f20-pb-all-max1-tanh-sw25-c8x16-seed4,outputs/pai-faithful-b21/f20-pb-all-max1-relu-sw25-c8x16-seed4,outputs/pai-faithful-b21/f20-gd-all-max1-tanh-sw25-c8x16-seed4,outputs/pai-faithful-b21/det-none-c8x16-seed4,outputs/pai-faithful-b21/det-none-c16x32-seed4,outputs/pai-faithful-b21/det-pb-all-max1-relu-sw25-c8x16-seed4,outputs/pai-faithful-b21/pb-all-max1-relu-sw25-c8x16-seed4,outputs/pai-faithful-b21/f20-det-none-c8x16-seed4,outputs/pai-faithful-b21/f20-det-pb-all-max1-relu-sw25-c8x16-seed4","outputs/pai-faithful-b21/f10-pb-all-max1-tanh-sw25-c4x8-seed0,outputs/pai-faithful-b21/f10-pb-all-max1-tanh-sw25-c8x16-seed0,outputs/pai-faithful-b21/f10-pb-all-max1-relu-sw25-c8x16-seed0,outputs/pai-faithful-b21/f10-gd-all-max1-tanh-sw25-c8x16-seed0",empty jobs.txt after consumed queue is not evidence of no jobs
research-1001c,True,59,45,0,"outputs/pai-faithful-b22/pb-all-max1-tanh-sw25-c8x16-seed0,outputs/pai-faithful-b22/pb-all-max1-tanh-sw25-c12x24-seed0,outputs/pai-faithful-b22/pb-all-max1-sigmoid-sw25-c8x16-seed0,outputs/pai-faithful-b22/none-c12x32x64-seed0,outputs/pai-faithful-b22/none-c16x42x84-seed0,outputs/pai-faithful-b22/none-c12x24-seed0,outputs/pai-faithful-b22/none-c16x32-seed0,outputs/pai-faithful-b22/pb-all-max1-tanh-sw25-c8x16-seed0,outputs/pai-faithful-b22/pb-all-max1-tanh-sw25-c12x24-seed0,outputs/pai-faithful-b22/pb-all-max1-sigmoid-sw25-c8x16-seed0,outputs/pai-faithful-b22/none-c12x32x64-seed0,outputs/pai-faithful-b22/none-c16x42x84-seed0,outputs/pai-faithful-b22/none-c12x24-seed0,outputs/pai-faithful-b22/none-c16x32-seed0,outputs/pai-faithful-b22/none-c20x40-seed0,outputs/pai-faithful-b22/none-c24x48-seed0,outputs/pai-faithful-b22/pb-all-max1-tanh-sw25-c8x16-seed1,outputs/pai-faithful-b22/pb-all-max1-tanh-sw25-c12x24-seed1,outputs/pai-faithful-b22/pb-all-max1-sigmoid-sw25-c8x16-seed1,outputs/pai-faithful-b22/none-c12x32x64-seed1,outputs/pai-faithful-b22/none-c16x42x84-seed1,outputs/pai-faithful-b22/pb-all-max1-tanh-sw25-c12x24-seed1,outputs/pai-faithful-b22/pb-all-max1-tanh-sw25-c8x16-seed2,outputs/pai-faithful-b22/pb-all-max1-tanh-sw25-c12x24-seed2,outputs/pai-faithful-b22/pb-all-max1-sigmoid-sw25-c8x16-seed2,outputs/pai-faithful-b22/pb-all-max1-tanh-sw25-c8x16-seed3,outputs/pai-faithful-b22/pb-all-max1-tanh-sw25-c12x24-seed3,outputs/pai-faithful-b22/pb-all-max1-sigmoid-sw25-c8x16-seed3,outputs/pai-faithful-b22/pb-all-max1-tanh-sw25-c8x16-seed4,outputs/pai-faithful-b22/pb-all-max1-tanh-sw25-c12x24-seed4,outputs/pai-faithful-b22/pb-all-max1-sigmoid-sw25-c8x16-seed4,outputs/pai-faithful-b22/none-c12x32x64-seed1,outputs/pai-faithful-b22/none-c16x32-seed0,outputs/pai-faithful-b22/none-c16x42x84-seed0,outputs/pai-faithful-b22/none-c16x42x84-seed1,outputs/pai-faithful-b22/none-c20x40-seed0,outputs/pai-faithful-b22/none-c24x48-seed0,outputs/pai-faithful-b22/none-c12x24-seed1,outputs/pai-faithful-b22/none-c16x32-seed1,outputs/pai-faithful-b22/none-c20x40-seed1,outputs/pai-faithful-b22/none-c24x48-seed1,outputs/pai-faithful-b22/none-c12x32x64-seed2,outputs/pai-faithful-b22/none-c16x42x84-seed2,outputs/pai-faithful-b22/none-c12x24-seed2,outputs/pai-faithful-b22/none-c16x32-seed2,outputs/pai-faithful-b22/none-c20x40-seed2,outputs/pai-faithful-b22/none-c24x48-seed2,outputs/pai-faithful-b22/none-c12x32x64-seed3,outputs/pai-faithful-b22/none-c16x42x84-seed3,outputs/pai-faithful-b22/none-c12x24-seed3,outputs/pai-faithful-b22/none-c16x32-seed3,outputs/pai-faithful-b22/none-c20x40-seed3,outputs/pai-faithful-b22/none-c24x48-seed3,outputs/pai-faithful-b22/none-c12x32x64-seed4,outputs/pai-faithful-b22/none-c16x42x84-seed4,outputs/pai-faithful-b22/none-c12x24-seed4,outputs/pai-faithful-b22/none-c16x32-seed4,outputs/pai-faithful-b22/none-c20x40-seed4,outputs/pai-faithful-b22/none-c24x48-seed4",,empty jobs.txt after consumed queue is not evidence of no jobs
research-1001d,True,28,25,0,"outputs/pai-faithful-b23/pb-all-max1-tanh-sw25-c8x20x40-seed0,outputs/pai-faithful-b23/pb-all-max1-tanh-sw25-c6x12x24-seed0,outputs/pai-faithful-b23/none-c8x20x40-seed0,outputs/pai-faithful-b23/none-c6x12x24-seed0,outputs/pai-faithful-b23/none-c12x24x48-seed0,outputs/pai-faithful-b23/pb-all-max1-tanh-sw25-c8x20x40-seed1,outputs/pai-faithful-b23/pb-all-max1-tanh-sw25-c6x12x24-seed1,outputs/pai-faithful-b23/pb-all-max1-tanh-sw25-c8x20x40-seed2,outputs/pai-faithful-b23/pb-all-max1-tanh-sw25-c6x12x24-seed2,outputs/pai-faithful-b23/pb-all-max1-tanh-sw25-c8x20x40-seed3,outputs/pai-faithful-b23/pb-all-max1-tanh-sw25-c6x12x24-seed3,outputs/pai-faithful-b23/pb-all-max1-tanh-sw25-c8x20x40-seed4,outputs/pai-faithful-b23/pb-all-max1-tanh-sw25-c6x12x24-seed4,outputs/pai-faithful-b23/none-c12x24x48-seed0,outputs/pai-faithful-b23/none-c6x12x24-seed0,outputs/pai-faithful-b23/none-c8x20x40-seed0,outputs/pai-faithful-b23/none-c8x20x40-seed1,outputs/pai-faithful-b23/none-c6x12x24-seed1,outputs/pai-faithful-b23/none-c12x24x48-seed1,outputs/pai-faithful-b23/none-c8x20x40-seed2,outputs/pai-faithful-b23/none-c6x12x24-seed2,outputs/pai-faithful-b23/none-c12x24x48-seed2,outputs/pai-faithful-b23/none-c8x20x40-seed3,outputs/pai-faithful-b23/none-c6x12x24-seed3,outputs/pai-faithful-b23/none-c12x24x48-seed3,outputs/pai-faithful-b23/none-c8x20x40-seed4,outputs/pai-faithful-b23/none-c6x12x24-seed4,outputs/pai-faithful-b23/none-c12x24x48-seed4",,empty jobs.txt after consumed queue is not evidence of no jobs
research-1002a,True,25,25,0,"outputs/pai-faithful-b24/pb-all-max1-tanh-sw25-c12x32x64-seed0,outputs/pai-faithful-b24/pb-linear-max1-tanh-sw25-c12x32x64-seed0,outputs/pai-faithful-b24/pb-all-max1-tanh-sw25-c12x32x64-seed1,outputs/pai-faithful-b24/pb-linear-max1-tanh-sw25-c12x32x64-seed1,outputs/pai-faithful-b24/pb-all-max1-tanh-sw25-c12x32x64-seed2,outputs/pai-faithful-b24/pb-linear-max1-tanh-sw25-c12x32x64-seed2,outputs/pai-faithful-b24/pb-all-max1-tanh-sw25-c12x32x64-seed3,outputs/pai-faithful-b24/pb-linear-max1-tanh-sw25-c12x32x64-seed3,outputs/pai-faithful-b24/pb-all-max1-tanh-sw25-c12x32x64-seed4,outputs/pai-faithful-b24/pb-linear-max1-tanh-sw25-c12x32x64-seed4,outputs/pai-faithful-b24/none-c17x50x100-seed0,outputs/pai-faithful-b24/none-c12x32x64x94-seed0,outputs/pai-faithful-b24/none-c16x41x82-seed0,outputs/pai-faithful-b24/none-c17x50x100-seed1,outputs/pai-faithful-b24/none-c12x32x64x94-seed1,outputs/pai-faithful-b24/none-c16x41x82-seed1,outputs/pai-faithful-b24/none-c17x50x100-seed2,outputs/pai-faithful-b24/none-c12x32x64x94-seed2,outputs/pai-faithful-b24/none-c16x41x82-seed2,outputs/pai-faithful-b24/none-c17x50x100-seed3,outputs/pai-faithful-b24/none-c12x32x64x94-seed3,outputs/pai-faithful-b24/none-c16x41x82-seed3,outputs/pai-faithful-b24/none-c17x50x100-seed4,outputs/pai-faithful-b24/none-c12x32x64x94-seed4,outputs/pai-faithful-b24/none-c16x41x82-seed4",,empty jobs.txt after consumed queue is not evidence of no jobs
research-1003a,True,0,0,0,,,empty jobs.txt after consumed queue is not evidence of no jobs
