path,group,model,seed,status,epochs,params,best_val_accuracy,test_accuracy,train_final_accuracy,final_val_accuracy,family,native_dendrites,model_config,model_config_matches_recorded_sha,train_config,train_config_sha,data_config,git_commit,git_dirty,seconds
outputs/students-dnn/dnn_h16-seed0,students-dnn,dnn_h16,0,completed,200,13532,0.6962879640044994,,0.7025431302981882,0.6913385826771653,dnn,False,configs/model/dnn_h16.yaml,True,configs/train/light.yaml,e3a9168444c95512b552fc9c52950c09481c86934331dc96576070a9e41d9a17,configs/data/speech_commands_v2_mfcc32_paper.yaml,f383e414a13836bc3e84508b5c5544ad6a3240da,True,2005.5950422138558
outputs/students-dnn/dnn_h16-seed1,students-dnn,dnn_h16,1,completed,200,13532,0.6989876265466817,,0.7049264685968096,0.6917885264341957,dnn,False,configs/model/dnn_h16.yaml,True,configs/train/light.yaml,e3a9168444c95512b552fc9c52950c09481c86934331dc96576070a9e41d9a17,configs/data/speech_commands_v2_mfcc32_paper.yaml,f383e414a13836bc3e84508b5c5544ad6a3240da,True,2020.2555591609562
outputs/students-dnn/dnn_h16-seed2,students-dnn,dnn_h16,2,completed,200,13532,0.6926884139482564,,0.7093139777374536,0.690888638920135,dnn,False,configs/model/dnn_h16.yaml,True,configs/train/light.yaml,e3a9168444c95512b552fc9c52950c09481c86934331dc96576070a9e41d9a17,configs/data/speech_commands_v2_mfcc32_paper.yaml,f383e414a13836bc3e84508b5c5544ad6a3240da,True,2028.0166285356972
outputs/students-dnn/dnn_h16-seed3,students-dnn,dnn_h16,3,completed,200,13532,0.6830146231721035,,0.7036264658884706,0.6798650168728909,dnn,False,configs/model/dnn_h16.yaml,True,configs/train/light.yaml,e3a9168444c95512b552fc9c52950c09481c86934331dc96576070a9e41d9a17,configs/data/speech_commands_v2_mfcc32_paper.yaml,f383e414a13836bc3e84508b5c5544ad6a3240da,True,2025.7448236275231
outputs/students-dnn/dnn_h16-seed4,students-dnn,dnn_h16,4,completed,200,13532,0.6881889763779527,,0.7094223112964819,0.6863892013498313,dnn,False,configs/model/dnn_h16.yaml,True,configs/train/light.yaml,e3a9168444c95512b552fc9c52950c09481c86934331dc96576070a9e41d9a17,configs/data/speech_commands_v2_mfcc32_paper.yaml,f383e414a13836bc3e84508b5c5544ad6a3240da,True,2459.5629195435904
outputs/students-dnn/dnn_h16_d2f32-seed0,students-dnn,dnn_h16_d2f32,0,completed,200,15052,0.7149606299212599,,0.7355306990222896,0.7140607424071991,dnn,True,configs/model/dnn_h16_d2f32.yaml,True,configs/train/light.yaml,e3a9168444c95512b552fc9c52950c09481c86934331dc96576070a9e41d9a17,configs/data/speech_commands_v2_mfcc32_paper.yaml,f383e414a13836bc3e84508b5c5544ad6a3240da,True,1925.6478429139825
outputs/students-dnn/dnn_h16_d2f32-seed1,students-dnn,dnn_h16_d2f32,1,completed,200,15052,0.7104611923509562,,0.7329306936056117,0.7088863892013498,dnn,True,configs/model/dnn_h16_d2f32.yaml,True,configs/train/light.yaml,e3a9168444c95512b552fc9c52950c09481c86934331dc96576070a9e41d9a17,configs/data/speech_commands_v2_mfcc32_paper.yaml,f383e414a13836bc3e84508b5c5544ad6a3240da,True,2025.1800036625355
outputs/students-dnn/dnn_h16_d2f32-seed2,students-dnn,dnn_h16_d2f32,2,completed,200,15052,0.7178852643419572,,0.7411098773122444,0.7156355455568054,dnn,True,configs/model/dnn_h16_d2f32.yaml,True,configs/train/light.yaml,e3a9168444c95512b552fc9c52950c09481c86934331dc96576070a9e41d9a17,configs/data/speech_commands_v2_mfcc32_paper.yaml,f383e414a13836bc3e84508b5c5544ad6a3240da,True,2029.4810082514305
outputs/students-dnn/dnn_h16_d2f32-seed3,students-dnn,dnn_h16_d2f32,3,completed,200,15052,0.712710911136108,,0.7337431952983235,0.7088863892013498,dnn,True,configs/model/dnn_h16_d2f32.yaml,True,configs/train/light.yaml,e3a9168444c95512b552fc9c52950c09481c86934331dc96576070a9e41d9a17,configs/data/speech_commands_v2_mfcc32_paper.yaml,f383e414a13836bc3e84508b5c5544ad6a3240da,True,2027.5667112881783
outputs/students-dnn/dnn_h16_d2f32-seed4,students-dnn,dnn_h16_d2f32,4,completed,200,15052,0.7172103487064116,,0.7333369444519676,0.7145106861642295,dnn,True,configs/model/dnn_h16_d2f32.yaml,True,configs/train/light.yaml,e3a9168444c95512b552fc9c52950c09481c86934331dc96576070a9e41d9a17,configs/data/speech_commands_v2_mfcc32_paper.yaml,f383e414a13836bc3e84508b5c5544ad6a3240da,True,2481.458718915237
outputs/students-dnn/dnn_h16_d2f32lin-seed0,students-dnn,dnn_h16_d2f32lin,0,completed,200,15052,0.7082114735658043,,0.7135119031497982,0.7046119235095613,dnn,True,configs/model/dnn_h16_d2f32lin.yaml,True,configs/train/light.yaml,e3a9168444c95512b552fc9c52950c09481c86934331dc96576070a9e41d9a17,configs/data/speech_commands_v2_mfcc32_paper.yaml,f383e414a13836bc3e84508b5c5544ad6a3240da,True,2220.5154658791143
outputs/students-dnn/dnn_h16_d2f32lin-seed1,students-dnn,dnn_h16_d2f32lin,1,completed,200,15052,0.6965129358830147,,0.7102348129891938,0.6924634420697413,dnn,True,configs/model/dnn_h16_d2f32lin.yaml,True,configs/train/light.yaml,e3a9168444c95512b552fc9c52950c09481c86934331dc96576070a9e41d9a17,configs/data/speech_commands_v2_mfcc32_paper.yaml,f383e414a13836bc3e84508b5c5544ad6a3240da,True,2306.3818512833677
outputs/students-dnn/dnn_h16_d2f32lin-seed2,students-dnn,dnn_h16_d2f32lin,2,completed,200,15052,0.6971878515185602,,0.711670232646318,0.6926884139482564,dnn,True,configs/model/dnn_h16_d2f32lin.yaml,True,configs/train/light.yaml,e3a9168444c95512b552fc9c52950c09481c86934331dc96576070a9e41d9a17,configs/data/speech_commands_v2_mfcc32_paper.yaml,f383e414a13836bc3e84508b5c5544ad6a3240da,True,2406.252997462405
outputs/students-dnn/dnn_h16_d2f32lin-seed3,students-dnn,dnn_h16_d2f32lin,3,completed,200,15052,0.6958380202474691,,0.7126181512878151,0.694488188976378,dnn,True,configs/model/dnn_h16_d2f32lin.yaml,True,configs/train/light.yaml,e3a9168444c95512b552fc9c52950c09481c86934331dc96576070a9e41d9a17,configs/data/speech_commands_v2_mfcc32_paper.yaml,f383e414a13836bc3e84508b5c5544ad6a3240da,True,2466.3931562508224
outputs/students-dnn/dnn_h16_d2f32lin-seed4,students-dnn,dnn_h16_d2f32lin,4,completed,200,15052,0.7084364454443195,,0.7124285675595158,0.7052868391451068,dnn,True,configs/model/dnn_h16_d2f32lin.yaml,True,configs/train/light.yaml,e3a9168444c95512b552fc9c52950c09481c86934331dc96576070a9e41d9a17,configs/data/speech_commands_v2_mfcc32_paper.yaml,f383e414a13836bc3e84508b5c5544ad6a3240da,True,2268.098489003838
outputs/students-dnn/dnn_h16_d4f32-seed0,students-dnn,dnn_h16_d4f32,0,completed,200,16572,0.7397075365579303,,0.759255748449476,0.7374578177727784,dnn,True,configs/model/dnn_h16_d4f32.yaml,True,configs/train/light.yaml,e3a9168444c95512b552fc9c52950c09481c86934331dc96576070a9e41d9a17,configs/data/speech_commands_v2_mfcc32_paper.yaml,f383e414a13836bc3e84508b5c5544ad6a3240da,True,2025.1651933677495
outputs/students-dnn/dnn_h16_d4f32-seed1,students-dnn,dnn_h16_d4f32,1,completed,200,16572,0.7361079865016873,,0.761882837255911,0.7343082114735658,dnn,True,configs/model/dnn_h16_d4f32.yaml,True,configs/train/light.yaml,e3a9168444c95512b552fc9c52950c09481c86934331dc96576070a9e41d9a17,configs/data/speech_commands_v2_mfcc32_paper.yaml,f383e414a13836bc3e84508b5c5544ad6a3240da,True,2028.8215550367604
outputs/students-dnn/dnn_h16_d4f32-seed2,students-dnn,dnn_h16_d4f32,2,completed,200,16572,0.7536557930258717,,0.7698724372342443,0.7518560179977503,dnn,True,configs/model/dnn_h16_d4f32.yaml,True,configs/train/light.yaml,e3a9168444c95512b552fc9c52950c09481c86934331dc96576070a9e41d9a17,configs/data/speech_commands_v2_mfcc32_paper.yaml,f383e414a13836bc3e84508b5c5544ad6a3240da,True,2028.1245751273818
outputs/students-dnn/dnn_h16_d4f32-seed3,students-dnn,dnn_h16_d4f32,3,completed,200,16572,0.7318335208098987,,0.7535682366004929,0.7293588301462317,dnn,True,configs/model/dnn_h16_d4f32.yaml,True,configs/train/light.yaml,e3a9168444c95512b552fc9c52950c09481c86934331dc96576070a9e41d9a17,configs/data/speech_commands_v2_mfcc32_paper.yaml,f383e414a13836bc3e84508b5c5544ad6a3240da,True,2032.5702398734866
outputs/students-dnn/dnn_h16_d4f32-seed4,students-dnn,dnn_h16_d4f32,4,completed,200,16572,0.7370078740157481,,0.7625870053895946,0.7325084364454443,dnn,True,configs/model/dnn_h16_d4f32.yaml,True,configs/train/light.yaml,e3a9168444c95512b552fc9c52950c09481c86934331dc96576070a9e41d9a17,configs/data/speech_commands_v2_mfcc32_paper.yaml,f383e414a13836bc3e84508b5c5544ad6a3240da,True,2461.196885715821
outputs/students-dnn/dnn_h16_d4f32head-seed0,students-dnn,dnn_h16_d4f32head,0,completed,200,14396,0.7284589426321709,,0.7416786284971427,0.724859392575928,dnn,True,configs/model/dnn_h16_d4f32head.yaml,True,configs/train/light.yaml,e3a9168444c95512b552fc9c52950c09481c86934331dc96576070a9e41d9a17,configs/data/speech_commands_v2_mfcc32_paper.yaml,f383e414a13836bc3e84508b5c5544ad6a3240da,True,2318.293465419323
outputs/students-dnn/dnn_h16_d4f32head-seed1,students-dnn,dnn_h16_d4f32head,1,completed,200,14396,0.7241844769403825,,0.7404869593478319,0.7217097862767154,dnn,True,configs/model/dnn_h16_d4f32head.yaml,True,configs/train/light.yaml,e3a9168444c95512b552fc9c52950c09481c86934331dc96576070a9e41d9a17,configs/data/speech_commands_v2_mfcc32_paper.yaml,f383e414a13836bc3e84508b5c5544ad6a3240da,True,2401.2520976628875
outputs/students-dnn/dnn_h16_d4f32head-seed2,students-dnn,dnn_h16_d4f32head,2,completed,200,14396,0.7093363329583802,,0.7401619586707472,0.7046119235095613,dnn,True,configs/model/dnn_h16_d4f32head.yaml,True,configs/train/light.yaml,e3a9168444c95512b552fc9c52950c09481c86934331dc96576070a9e41d9a17,configs/data/speech_commands_v2_mfcc32_paper.yaml,f383e414a13836bc3e84508b5c5544ad6a3240da,True,2396.1783779727994
outputs/students-dnn/dnn_h16_d4f32head-seed3,students-dnn,dnn_h16_d4f32head,3,completed,200,14396,0.7133858267716535,,0.7360723668174308,0.707986501687289,dnn,True,configs/model/dnn_h16_d4f32head.yaml,True,configs/train/light.yaml,e3a9168444c95512b552fc9c52950c09481c86934331dc96576070a9e41d9a17,configs/data/speech_commands_v2_mfcc32_paper.yaml,f383e414a13836bc3e84508b5c5544ad6a3240da,True,2480.5556270076195
outputs/students-dnn/dnn_h16_d4f32head-seed4,students-dnn,dnn_h16_d4f32head,4,completed,200,14396,0.7142857142857143,,0.7381848712184818,0.7113610798650168,dnn,True,configs/model/dnn_h16_d4f32head.yaml,True,configs/train/light.yaml,e3a9168444c95512b552fc9c52950c09481c86934331dc96576070a9e41d9a17,configs/data/speech_commands_v2_mfcc32_paper.yaml,f383e414a13836bc3e84508b5c5544ad6a3240da,True,2169.2650052434765
outputs/students-dnn/dnn_h16_d4f32hid-seed0,students-dnn,dnn_h16_d4f32hid,0,completed,200,15708,0.7158605174353205,,0.7292473525986513,0.7149606299212599,dnn,True,configs/model/dnn_h16_d4f32hid.yaml,True,configs/train/light.yaml,e3a9168444c95512b552fc9c52950c09481c86934331dc96576070a9e41d9a17,configs/data/speech_commands_v2_mfcc32_paper.yaml,f383e414a13836bc3e84508b5c5544ad6a3240da,True,2302.5319015783025
outputs/students-dnn/dnn_h16_d4f32hid-seed1,students-dnn,dnn_h16_d4f32hid,1,completed,200,15708,0.7176602924634421,,0.7297619370040355,0.7165354330708661,dnn,True,configs/model/dnn_h16_d4f32hid.yaml,True,configs/train/light.yaml,e3a9168444c95512b552fc9c52950c09481c86934331dc96576070a9e41d9a17,configs/data/speech_commands_v2_mfcc32_paper.yaml,f383e414a13836bc3e84508b5c5544ad6a3240da,True,2309.601806122926
outputs/students-dnn/dnn_h16_d4f32hid-seed2,students-dnn,dnn_h16_d4f32hid,2,completed,200,15708,0.7192350956130483,,0.7347723641090919,0.7169853768278965,dnn,True,configs/model/dnn_h16_d4f32hid.yaml,True,configs/train/light.yaml,e3a9168444c95512b552fc9c52950c09481c86934331dc96576070a9e41d9a17,configs/data/speech_commands_v2_mfcc32_paper.yaml,f383e414a13836bc3e84508b5c5544ad6a3240da,True,2401.002502582036
outputs/students-dnn/dnn_h16_d4f32hid-seed3,students-dnn,dnn_h16_d4f32hid,3,completed,200,15708,0.707986501687289,,0.7364515342740298,0.703037120359955,dnn,True,configs/model/dnn_h16_d4f32hid.yaml,True,configs/train/light.yaml,e3a9168444c95512b552fc9c52950c09481c86934331dc96576070a9e41d9a17,configs/data/speech_commands_v2_mfcc32_paper.yaml,f383e414a13836bc3e84508b5c5544ad6a3240da,True,2478.6310427946737
outputs/students-dnn/dnn_h16_d4f32hid-seed4,students-dnn,dnn_h16_d4f32hid,4,completed,200,15708,0.7133858267716535,,0.7297890203937925,0.7097862767154106,dnn,True,configs/model/dnn_h16_d4f32hid.yaml,True,configs/train/light.yaml,e3a9168444c95512b552fc9c52950c09481c86934331dc96576070a9e41d9a17,configs/data/speech_commands_v2_mfcc32_paper.yaml,f383e414a13836bc3e84508b5c5544ad6a3240da,True,2183.5547854203032
outputs/students-dnn/dnn_h16_d4f32lin-seed0,students-dnn,dnn_h16_d4f32lin,0,completed,200,16572,0.6859392575928009,,0.7044931343606966,0.6841394825646794,dnn,True,configs/model/dnn_h16_d4f32lin.yaml,True,configs/train/light.yaml,e3a9168444c95512b552fc9c52950c09481c86934331dc96576070a9e41d9a17,configs/data/speech_commands_v2_mfcc32_paper.yaml,f383e414a13836bc3e84508b5c5544ad6a3240da,True,2283.212359708268
outputs/students-dnn/dnn_h16_d4f32lin-seed1,students-dnn,dnn_h16_d4f32lin,1,completed,200,16572,0.7001124859392576,,0.7158681580586627,0.6965129358830147,dnn,True,configs/model/dnn_h16_d4f32lin.yaml,True,configs/train/light.yaml,e3a9168444c95512b552fc9c52950c09481c86934331dc96576070a9e41d9a17,configs/data/speech_commands_v2_mfcc32_paper.yaml,f383e414a13836bc3e84508b5c5544ad6a3240da,True,2305.8345794874476
outputs/students-dnn/dnn_h16_d4f32lin-seed2,students-dnn,dnn_h16_d4f32lin,2,completed,200,16572,0.6823397075365579,,0.7102077295994367,0.6807649043869516,dnn,True,configs/model/dnn_h16_d4f32lin.yaml,True,configs/train/light.yaml,e3a9168444c95512b552fc9c52950c09481c86934331dc96576070a9e41d9a17,configs/data/speech_commands_v2_mfcc32_paper.yaml,f383e414a13836bc3e84508b5c5544ad6a3240da,True,2423.797866332461
outputs/students-dnn/dnn_h16_d4f32lin-seed3,students-dnn,dnn_h16_d4f32lin,3,completed,200,16572,0.6998875140607425,,0.7102889797687079,0.6953880764904387,dnn,True,configs/model/dnn_h16_d4f32lin.yaml,True,configs/train/light.yaml,e3a9168444c95512b552fc9c52950c09481c86934331dc96576070a9e41d9a17,configs/data/speech_commands_v2_mfcc32_paper.yaml,f383e414a13836bc3e84508b5c5544ad6a3240da,True,2481.7171270461986
outputs/students-dnn/dnn_h16_d4f32lin-seed4,students-dnn,dnn_h16_d4f32lin,4,completed,200,16572,0.7064116985376828,,0.7167619099206457,0.7025871766029246,dnn,True,configs/model/dnn_h16_d4f32lin.yaml,True,configs/train/light.yaml,e3a9168444c95512b552fc9c52950c09481c86934331dc96576070a9e41d9a17,configs/data/speech_commands_v2_mfcc32_paper.yaml,f383e414a13836bc3e84508b5c5544ad6a3240da,True,2275.1240283838706
outputs/students-dnn/dnn_h16_d4f32rnd-seed0,students-dnn,dnn_h16_d4f32rnd,0,completed,200,16572,0.735658042744657,,0.7497765620345043,0.7343082114735658,dnn,True,configs/model/dnn_h16_d4f32rnd.yaml,True,configs/train/light.yaml,e3a9168444c95512b552fc9c52950c09481c86934331dc96576070a9e41d9a17,configs/data/speech_commands_v2_mfcc32_paper.yaml,f383e414a13836bc3e84508b5c5544ad6a3240da,True,2323.2169932894176
outputs/students-dnn/dnn_h16_d4f32rnd-seed1,students-dnn,dnn_h16_d4f32rnd,1,completed,200,16572,0.7302587176602925,,0.7534057362619505,0.7284589426321709,dnn,True,configs/model/dnn_h16_d4f32rnd.yaml,True,configs/train/light.yaml,e3a9168444c95512b552fc9c52950c09481c86934331dc96576070a9e41d9a17,configs/data/speech_commands_v2_mfcc32_paper.yaml,f383e414a13836bc3e84508b5c5544ad6a3240da,True,2415.766278367024
outputs/students-dnn/dnn_h16_d4f32rnd-seed2,students-dnn,dnn_h16_d4f32rnd,2,completed,200,16572,0.7322834645669292,,0.7577661620128375,0.7302587176602925,dnn,True,configs/model/dnn_h16_d4f32rnd.yaml,True,configs/train/light.yaml,e3a9168444c95512b552fc9c52950c09481c86934331dc96576070a9e41d9a17,configs/data/speech_commands_v2_mfcc32_paper.yaml,f383e414a13836bc3e84508b5c5544ad6a3240da,True,2408.1481019924395
outputs/students-dnn/dnn_h16_d4f32rnd-seed3,students-dnn,dnn_h16_d4f32rnd,3,completed,200,16572,0.734533183352081,,0.7554640738834872,0.7291338582677165,dnn,True,configs/model/dnn_h16_d4f32rnd.yaml,True,configs/train/light.yaml,e3a9168444c95512b552fc9c52950c09481c86934331dc96576070a9e41d9a17,configs/data/speech_commands_v2_mfcc32_paper.yaml,f383e414a13836bc3e84508b5c5544ad6a3240da,True,2294.0605347515084
outputs/students-dnn/dnn_h16_d4f32rnd-seed4,students-dnn,dnn_h16_d4f32rnd,4,completed,200,16572,0.7250843644544432,,0.7527015681282669,0.7232845894263217,dnn,True,configs/model/dnn_h16_d4f32rnd.yaml,True,configs/train/light.yaml,e3a9168444c95512b552fc9c52950c09481c86934331dc96576070a9e41d9a17,configs/data/speech_commands_v2_mfcc32_paper.yaml,f383e414a13836bc3e84508b5c5544ad6a3240da,True,2155.7494769918267
outputs/students-dnn/dnn_h16x112-seed0,students-dnn,dnn_h16x112,0,completed,200,16588,0.766029246344207,,0.7882620588792894,0.7619797525309336,dnn,False,configs/model/dnn_h16x112.yaml,True,configs/train/light.yaml,e3a9168444c95512b552fc9c52950c09481c86934331dc96576070a9e41d9a17,configs/data/speech_commands_v2_mfcc32_paper.yaml,f383e414a13836bc3e84508b5c5544ad6a3240da,True,2297.472045826493
outputs/students-dnn/dnn_h16x112-seed1,students-dnn,dnn_h16x112,1,completed,200,16588,0.7595050618672666,,0.7881537253202611,0.7568053993250844,dnn,False,configs/model/dnn_h16x112.yaml,True,configs/train/light.yaml,e3a9168444c95512b552fc9c52950c09481c86934331dc96576070a9e41d9a17,configs/data/speech_commands_v2_mfcc32_paper.yaml,f383e414a13836bc3e84508b5c5544ad6a3240da,True,2418.0767944185063
outputs/students-dnn/dnn_h16x112-seed2,students-dnn,dnn_h16x112,2,completed,200,16588,0.7588301462317211,,0.7841995504157301,0.756355455568054,dnn,False,configs/model/dnn_h16x112.yaml,True,configs/train/light.yaml,e3a9168444c95512b552fc9c52950c09481c86934331dc96576070a9e41d9a17,configs/data/speech_commands_v2_mfcc32_paper.yaml,f383e414a13836bc3e84508b5c5544ad6a3240da,True,2445.636703835102
outputs/students-dnn/dnn_h16x112-seed3,students-dnn,dnn_h16x112,3,completed,200,16588,0.7592800899887514,,0.7821141294044363,0.755230596175478,dnn,False,configs/model/dnn_h16x112.yaml,True,configs/train/light.yaml,e3a9168444c95512b552fc9c52950c09481c86934331dc96576070a9e41d9a17,configs/data/speech_commands_v2_mfcc32_paper.yaml,f383e414a13836bc3e84508b5c5544ad6a3240da,True,2269.6372416593367
outputs/students-dnn/dnn_h16x112-seed4,students-dnn,dnn_h16x112,4,completed,200,16588,0.7615298087739033,,0.7836307992308317,0.7577052868391451,dnn,False,configs/model/dnn_h16x112.yaml,True,configs/train/light.yaml,e3a9168444c95512b552fc9c52950c09481c86934331dc96576070a9e41d9a17,configs/data/speech_commands_v2_mfcc32_paper.yaml,f383e414a13836bc3e84508b5c5544ad6a3240da,True,2125.388872299576
outputs/students-dnn/dnn_h16x59-seed0,students-dnn,dnn_h16x59,0,completed,200,15051,0.7453318335208099,,0.7682474338488205,0.7437570303712036,dnn,False,configs/model/dnn_h16x59.yaml,True,configs/train/light.yaml,e3a9168444c95512b552fc9c52950c09481c86934331dc96576070a9e41d9a17,configs/data/speech_commands_v2_mfcc32_paper.yaml,f383e414a13836bc3e84508b5c5544ad6a3240da,True,2291.4349762108177
outputs/students-dnn/dnn_h16x59-seed1,students-dnn,dnn_h16x59,1,completed,200,15051,0.7444319460067491,,0.7660807626682555,0.7426321709786277,dnn,False,configs/model/dnn_h16x59.yaml,True,configs/train/light.yaml,e3a9168444c95512b552fc9c52950c09481c86934331dc96576070a9e41d9a17,configs/data/speech_commands_v2_mfcc32_paper.yaml,f383e414a13836bc3e84508b5c5544ad6a3240da,True,2425.021036702441
outputs/students-dnn/dnn_h16x59-seed2,students-dnn,dnn_h16x59,2,completed,200,15051,0.734533183352081,,0.766730764022425,0.7320584926884139,dnn,False,configs/model/dnn_h16x59.yaml,True,configs/train/light.yaml,e3a9168444c95512b552fc9c52950c09481c86934331dc96576070a9e41d9a17,configs/data/speech_commands_v2_mfcc32_paper.yaml,f383e414a13836bc3e84508b5c5544ad6a3240da,True,2405.637218504329
outputs/students-dnn/dnn_h16x59-seed3,students-dnn,dnn_h16x59,3,completed,200,15051,0.7509561304836896,,0.7652140941960296,0.7462317210348707,dnn,False,configs/model/dnn_h16x59.yaml,True,configs/train/light.yaml,e3a9168444c95512b552fc9c52950c09481c86934331dc96576070a9e41d9a17,configs/data/speech_commands_v2_mfcc32_paper.yaml,f383e414a13836bc3e84508b5c5544ad6a3240da,True,2281.382879748009
outputs/students-dnn/dnn_h16x59-seed4,students-dnn,dnn_h16x59,4,completed,200,15051,0.7421822272215973,,0.7708203558757414,0.7379077615298087,dnn,False,configs/model/dnn_h16x59.yaml,True,configs/train/light.yaml,e3a9168444c95512b552fc9c52950c09481c86934331dc96576070a9e41d9a17,configs/data/speech_commands_v2_mfcc32_paper.yaml,f383e414a13836bc3e84508b5c5544ad6a3240da,True,2137.608555001905
outputs/students-dnn/dnn_h16x59_hd2-seed0,students-dnn,dnn_h16x59_hd2,0,completed,200,15867,0.743082114735658,,0.7713078568913685,0.7374578177727784,dnn,True,configs/model/dnn_h16x59_hd2.yaml,True,configs/train/light.yaml,e3a9168444c95512b552fc9c52950c09481c86934331dc96576070a9e41d9a17,configs/data/speech_commands_v2_mfcc32_paper.yaml,f383e414a13836bc3e84508b5c5544ad6a3240da,True,2133.7026300032157
outputs/students-dnn/dnn_h16x59_hd2-seed1,students-dnn,dnn_h16x59_hd2,1,completed,200,15867,0.7543307086614173,,0.7762912006066679,0.7543307086614173,dnn,True,configs/model/dnn_h16x59_hd2.yaml,True,configs/train/light.yaml,e3a9168444c95512b552fc9c52950c09481c86934331dc96576070a9e41d9a17,configs/data/speech_commands_v2_mfcc32_paper.yaml,f383e414a13836bc3e84508b5c5544ad6a3240da,True,2340.356380415382
outputs/students-dnn/dnn_h16x59_hd2-seed2,students-dnn,dnn_h16x59_hd2,2,completed,200,15867,0.7415073115860518,,0.7698724372342443,0.7385826771653543,dnn,True,configs/model/dnn_h16x59_hd2.yaml,True,configs/train/light.yaml,e3a9168444c95512b552fc9c52950c09481c86934331dc96576070a9e41d9a17,configs/data/speech_commands_v2_mfcc32_paper.yaml,f383e414a13836bc3e84508b5c5544ad6a3240da,True,2277.818276010803
outputs/students-dnn/dnn_h16x59_hd2-seed3,students-dnn,dnn_h16x59_hd2,3,completed,200,15867,0.7471316085489313,,0.7723370257021369,0.7424071991001124,dnn,True,configs/model/dnn_h16x59_hd2.yaml,True,configs/train/light.yaml,e3a9168444c95512b552fc9c52950c09481c86934331dc96576070a9e41d9a17,configs/data/speech_commands_v2_mfcc32_paper.yaml,f383e414a13836bc3e84508b5c5544ad6a3240da,True,2370.1182044980815
outputs/students-dnn/dnn_h16x59_hd2-seed4,students-dnn,dnn_h16x59_hd2,4,completed,200,15867,0.749156355455568,,0.775884949760312,0.7478065241844769,dnn,True,configs/model/dnn_h16x59_hd2.yaml,True,configs/train/light.yaml,e3a9168444c95512b552fc9c52950c09481c86934331dc96576070a9e41d9a17,configs/data/speech_commands_v2_mfcc32_paper.yaml,f383e414a13836bc3e84508b5c5544ad6a3240da,True,2337.87203249929
outputs/students-dnn/dnn_h16x59_hd4-seed0,students-dnn,dnn_h16x59_hd4,0,completed,200,16683,0.7579302587176603,,0.7737995287490183,0.7556805399325084,dnn,True,configs/model/dnn_h16x59_hd4.yaml,True,configs/train/light.yaml,e3a9168444c95512b552fc9c52950c09481c86934331dc96576070a9e41d9a17,configs/data/speech_commands_v2_mfcc32_paper.yaml,f383e414a13836bc3e84508b5c5544ad6a3240da,True,2260.877378956997
outputs/students-dnn/dnn_h16x59_hd4-seed1,students-dnn,dnn_h16x59_hd4,1,completed,200,16683,0.7617547806524184,,0.7821682961839503,0.7597300337457817,dnn,True,configs/model/dnn_h16x59_hd4.yaml,True,configs/train/light.yaml,e3a9168444c95512b552fc9c52950c09481c86934331dc96576070a9e41d9a17,configs/data/speech_commands_v2_mfcc32_paper.yaml,f383e414a13836bc3e84508b5c5544ad6a3240da,True,2348.120262616896
outputs/students-dnn/dnn_h16x59_hd4-seed2,students-dnn,dnn_h16x59_hd4,2,completed,200,16683,0.7489313835770529,,0.7779974541613628,0.7482564679415074,dnn,True,configs/model/dnn_h16x59_hd4.yaml,True,configs/train/light.yaml,e3a9168444c95512b552fc9c52950c09481c86934331dc96576070a9e41d9a17,configs/data/speech_commands_v2_mfcc32_paper.yaml,f383e414a13836bc3e84508b5c5544ad6a3240da,True,2269.8233812082326
outputs/students-dnn/dnn_h16x59_hd4-seed3,students-dnn,dnn_h16x59_hd4,3,completed,200,16683,0.7460067491563555,,0.775857866370555,0.7433070866141732,dnn,True,configs/model/dnn_h16x59_hd4.yaml,True,configs/train/light.yaml,e3a9168444c95512b552fc9c52950c09481c86934331dc96576070a9e41d9a17,configs/data/speech_commands_v2_mfcc32_paper.yaml,f383e414a13836bc3e84508b5c5544ad6a3240da,True,2432.0917865746887
outputs/students-dnn/dnn_h16x59_hd4-seed4,students-dnn,dnn_h16x59_hd4,4,completed,200,16683,0.7536557930258717,,0.7847412182108713,0.7498312710911136,dnn,True,configs/model/dnn_h16x59_hd4.yaml,True,configs/train/light.yaml,e3a9168444c95512b552fc9c52950c09481c86934331dc96576070a9e41d9a17,configs/data/speech_commands_v2_mfcc32_paper.yaml,f383e414a13836bc3e84508b5c5544ad6a3240da,True,2235.9229025769746
outputs/students-dnn/dnn_h16x59x21-seed0,students-dnn,dnn_h16x59x21,0,completed,200,15855,0.7619797525309336,,0.7745307802724589,0.7601799775028122,dnn,False,configs/model/dnn_h16x59x21.yaml,True,configs/train/light.yaml,e3a9168444c95512b552fc9c52950c09481c86934331dc96576070a9e41d9a17,configs/data/speech_commands_v2_mfcc32_paper.yaml,f383e414a13836bc3e84508b5c5544ad6a3240da,True,2243.593253712519
outputs/students-dnn/dnn_h16x59x21-seed1,students-dnn,dnn_h16x59x21,1,completed,200,15855,0.7534308211473566,,0.7805974595780408,0.7520809898762655,dnn,False,configs/model/dnn_h16x59x21.yaml,True,configs/train/light.yaml,e3a9168444c95512b552fc9c52950c09481c86934331dc96576070a9e41d9a17,configs/data/speech_commands_v2_mfcc32_paper.yaml,f383e414a13836bc3e84508b5c5544ad6a3240da,True,2337.535747000482
outputs/students-dnn/dnn_h16x59x21-seed2,students-dnn,dnn_h16x59x21,2,completed,200,15855,0.749156355455568,,0.7749641145085719,0.7437570303712036,dnn,False,configs/model/dnn_h16x59x21.yaml,True,configs/train/light.yaml,e3a9168444c95512b552fc9c52950c09481c86934331dc96576070a9e41d9a17,configs/data/speech_commands_v2_mfcc32_paper.yaml,f383e414a13836bc3e84508b5c5544ad6a3240da,True,2271.981941996957
outputs/students-dnn/dnn_h16x59x21-seed3,students-dnn,dnn_h16x59x21,3,completed,200,15855,0.7532058492688414,,0.7750453646778431,0.7500562429696288,dnn,False,configs/model/dnn_h16x59x21.yaml,True,configs/train/light.yaml,e3a9168444c95512b552fc9c52950c09481c86934331dc96576070a9e41d9a17,configs/data/speech_commands_v2_mfcc32_paper.yaml,f383e414a13836bc3e84508b5c5544ad6a3240da,True,2418.9400631665485
outputs/students-dnn/dnn_h16x59x21-seed4,students-dnn,dnn_h16x59x21,4,completed,200,15855,0.7541057367829022,,0.7721474419738374,0.7525309336332958,dnn,False,configs/model/dnn_h16x59x21.yaml,True,configs/train/light.yaml,e3a9168444c95512b552fc9c52950c09481c86934331dc96576070a9e41d9a17,configs/data/speech_commands_v2_mfcc32_paper.yaml,f383e414a13836bc3e84508b5c5544ad6a3240da,True,2272.7133330375655
outputs/students-dnn/dnn_h16x59x32-seed0,students-dnn,dnn_h16x59x32,0,completed,200,16647,0.7601799775028122,,0.777618286704764,0.7595050618672666,dnn,False,configs/model/dnn_h16x59x32.yaml,True,configs/train/light.yaml,e3a9168444c95512b552fc9c52950c09481c86934331dc96576070a9e41d9a17,configs/data/speech_commands_v2_mfcc32_paper.yaml,f383e414a13836bc3e84508b5c5544ad6a3240da,True,2263.3246429174906
outputs/students-dnn/dnn_h16x59x32-seed1,students-dnn,dnn_h16x59x32,1,completed,200,16647,0.7523059617547807,,0.7772932860276792,0.7496062992125985,dnn,False,configs/model/dnn_h16x59x32.yaml,True,configs/train/light.yaml,e3a9168444c95512b552fc9c52950c09481c86934331dc96576070a9e41d9a17,configs/data/speech_commands_v2_mfcc32_paper.yaml,f383e414a13836bc3e84508b5c5544ad6a3240da,True,2343.812974792905
outputs/students-dnn/dnn_h16x59x32-seed2,students-dnn,dnn_h16x59x32,2,completed,200,16647,0.7628796400449944,,0.7844433009235436,0.759955005624297,dnn,False,configs/model/dnn_h16x59x32.yaml,True,configs/train/light.yaml,e3a9168444c95512b552fc9c52950c09481c86934331dc96576070a9e41d9a17,configs/data/speech_commands_v2_mfcc32_paper.yaml,f383e414a13836bc3e84508b5c5544ad6a3240da,True,2272.8471347148297
outputs/students-dnn/dnn_h16x59x32-seed3,students-dnn,dnn_h16x59x32,3,completed,200,16647,0.7525309336332958,,0.7817078785580803,0.7505061867266591,dnn,False,configs/model/dnn_h16x59x32.yaml,True,configs/train/light.yaml,e3a9168444c95512b552fc9c52950c09481c86934331dc96576070a9e41d9a17,configs/data/speech_commands_v2_mfcc32_paper.yaml,f383e414a13836bc3e84508b5c5544ad6a3240da,True,2440.926889075432
outputs/students-dnn/dnn_h16x59x32-seed4,students-dnn,dnn_h16x59x32,4,completed,200,16647,0.7541057367829022,,0.7840099666874306,0.7514060742407199,dnn,False,configs/model/dnn_h16x59x32.yaml,True,configs/train/light.yaml,e3a9168444c95512b552fc9c52950c09481c86934331dc96576070a9e41d9a17,configs/data/speech_commands_v2_mfcc32_paper.yaml,f383e414a13836bc3e84508b5c5544ad6a3240da,True,2217.5979441750096
outputs/students-dnn/dnn_h16x87-seed0,students-dnn,dnn_h16x87,0,completed,200,15863,0.7626546681664792,,0.7804349592394985,0.7590551181102362,dnn,False,configs/model/dnn_h16x87.yaml,True,configs/train/light.yaml,e3a9168444c95512b552fc9c52950c09481c86934331dc96576070a9e41d9a17,configs/data/speech_commands_v2_mfcc32_paper.yaml,f383e414a13836bc3e84508b5c5544ad6a3240da,True,2197.104705874808
outputs/students-dnn/dnn_h16x87-seed1,students-dnn,dnn_h16x87,1,completed,200,15863,0.755230596175478,,0.7765620345042386,0.7532058492688414,dnn,False,configs/model/dnn_h16x87.yaml,True,configs/train/light.yaml,e3a9168444c95512b552fc9c52950c09481c86934331dc96576070a9e41d9a17,configs/data/speech_commands_v2_mfcc32_paper.yaml,f383e414a13836bc3e84508b5c5544ad6a3240da,True,2338.599432333838
outputs/students-dnn/dnn_h16x87-seed2,students-dnn,dnn_h16x87,2,completed,200,15863,0.7590551181102362,,0.7822495463532215,0.7561304836895388,dnn,False,configs/model/dnn_h16x87.yaml,True,configs/train/light.yaml,e3a9168444c95512b552fc9c52950c09481c86934331dc96576070a9e41d9a17,configs/data/speech_commands_v2_mfcc32_paper.yaml,f383e414a13836bc3e84508b5c5544ad6a3240da,True,2285.196885706857
outputs/students-dnn/dnn_h16x87-seed3,students-dnn,dnn_h16x87,3,completed,200,15863,0.7545556805399325,,0.7820599626249222,0.752755905511811,dnn,False,configs/model/dnn_h16x87.yaml,True,configs/train/light.yaml,e3a9168444c95512b552fc9c52950c09481c86934331dc96576070a9e41d9a17,configs/data/speech_commands_v2_mfcc32_paper.yaml,f383e414a13836bc3e84508b5c5544ad6a3240da,True,2408.639579414157
outputs/students-dnn/dnn_h16x87-seed4,students-dnn,dnn_h16x87,4,completed,200,15863,0.7534308211473566,,0.7805162094087696,0.7487064116985377,dnn,False,configs/model/dnn_h16x87.yaml,True,configs/train/light.yaml,e3a9168444c95512b552fc9c52950c09481c86934331dc96576070a9e41d9a17,configs/data/speech_commands_v2_mfcc32_paper.yaml,f383e414a13836bc3e84508b5c5544ad6a3240da,True,2299.6937997483183
outputs/students-dnn/dnn_h18-seed0,students-dnn,dnn_h18,0,completed,200,15222,0.7007874015748031,,0.7135119031497982,0.6989876265466817,dnn,False,configs/model/dnn_h18.yaml,True,configs/train/light.yaml,e3a9168444c95512b552fc9c52950c09481c86934331dc96576070a9e41d9a17,configs/data/speech_commands_v2_mfcc32_paper.yaml,f383e414a13836bc3e84508b5c5544ad6a3240da,True,1981.754354883451
outputs/students-dnn/dnn_h18-seed1,students-dnn,dnn_h18,1,completed,200,15222,0.6960629921259842,,0.7144598217912954,0.6911136107986502,dnn,False,configs/model/dnn_h18.yaml,True,configs/train/light.yaml,e3a9168444c95512b552fc9c52950c09481c86934331dc96576070a9e41d9a17,configs/data/speech_commands_v2_mfcc32_paper.yaml,f383e414a13836bc3e84508b5c5544ad6a3240da,True,2016.2666397898574
outputs/students-dnn/dnn_h18-seed2,students-dnn,dnn_h18,2,completed,200,15222,0.7028121484814398,,0.7233160902418547,0.7028121484814398,dnn,False,configs/model/dnn_h18.yaml,True,configs/train/light.yaml,e3a9168444c95512b552fc9c52950c09481c86934331dc96576070a9e41d9a17,configs/data/speech_commands_v2_mfcc32_paper.yaml,f383e414a13836bc3e84508b5c5544ad6a3240da,True,2025.4780397029826
outputs/students-dnn/dnn_h18-seed3,students-dnn,dnn_h18,3,completed,200,15222,0.7057367829021373,,0.7232890068520976,0.7028121484814398,dnn,False,configs/model/dnn_h18.yaml,True,configs/train/light.yaml,e3a9168444c95512b552fc9c52950c09481c86934331dc96576070a9e41d9a17,configs/data/speech_commands_v2_mfcc32_paper.yaml,f383e414a13836bc3e84508b5c5544ad6a3240da,True,2025.9254388392437
outputs/students-dnn/dnn_h18-seed4,students-dnn,dnn_h18,4,completed,200,15222,0.6965129358830147,,0.7222598380413292,0.690888638920135,dnn,False,configs/model/dnn_h18.yaml,True,configs/train/light.yaml,e3a9168444c95512b552fc9c52950c09481c86934331dc96576070a9e41d9a17,configs/data/speech_commands_v2_mfcc32_paper.yaml,f383e414a13836bc3e84508b5c5544ad6a3240da,True,2472.435094042099
outputs/students-dnn/dnn_h20-seed0,students-dnn,dnn_h20,0,completed,200,16912,0.7176602924634421,,0.7329577769953688,0.7158605174353205,dnn,False,configs/model/dnn_h20.yaml,True,configs/train/light.yaml,e3a9168444c95512b552fc9c52950c09481c86934331dc96576070a9e41d9a17,configs/data/speech_commands_v2_mfcc32_paper.yaml,f383e414a13836bc3e84508b5c5544ad6a3240da,True,2025.9786781261791
outputs/students-dnn/dnn_h20-seed1,students-dnn,dnn_h20,1,completed,200,16912,0.7291338582677165,,0.741380711209815,0.7241844769403825,dnn,False,configs/model/dnn_h20.yaml,True,configs/train/light.yaml,e3a9168444c95512b552fc9c52950c09481c86934331dc96576070a9e41d9a17,configs/data/speech_commands_v2_mfcc32_paper.yaml,f383e414a13836bc3e84508b5c5544ad6a3240da,True,2025.5525804602075
outputs/students-dnn/dnn_h20-seed2,students-dnn,dnn_h20,2,completed,200,16912,0.7165354330708661,,0.7416244617176285,0.7154105736782902,dnn,False,configs/model/dnn_h20.yaml,True,configs/train/light.yaml,e3a9168444c95512b552fc9c52950c09481c86934331dc96576070a9e41d9a17,configs/data/speech_commands_v2_mfcc32_paper.yaml,f383e414a13836bc3e84508b5c5544ad6a3240da,True,2028.339953669929
outputs/students-dnn/dnn_h20-seed3,students-dnn,dnn_h20,3,completed,200,16912,0.7052868391451068,,0.7342306963139507,0.703037120359955,dnn,False,configs/model/dnn_h20.yaml,True,configs/train/light.yaml,e3a9168444c95512b552fc9c52950c09481c86934331dc96576070a9e41d9a17,configs/data/speech_commands_v2_mfcc32_paper.yaml,f383e414a13836bc3e84508b5c5544ad6a3240da,True,2031.0310329165077
outputs/students-dnn/dnn_h20-seed4,students-dnn,dnn_h20,4,completed,200,16912,0.7113610798650168,,0.7349077810578772,0.710236220472441,dnn,False,configs/model/dnn_h20.yaml,True,configs/train/light.yaml,e3a9168444c95512b552fc9c52950c09481c86934331dc96576070a9e41d9a17,configs/data/speech_commands_v2_mfcc32_paper.yaml,f383e414a13836bc3e84508b5c5544ad6a3240da,True,2462.8315565467346
outputs/students-dnn/dnn_h24-seed0,students-dnn,dnn_h24,0,completed,200,20292,0.7496062992125985,,0.7636161742003629,0.7480314960629921,dnn,False,configs/model/dnn_h24.yaml,True,configs/train/light.yaml,e3a9168444c95512b552fc9c52950c09481c86934331dc96576070a9e41d9a17,configs/data/speech_commands_v2_mfcc32_paper.yaml,f383e414a13836bc3e84508b5c5544ad6a3240da,True,2020.6784673337825
outputs/students-dnn/dnn_h24-seed1,students-dnn,dnn_h24,1,completed,200,20292,0.7401574803149606,,0.7600953335319448,0.7372328458942632,dnn,False,configs/model/dnn_h24.yaml,True,configs/train/light.yaml,e3a9168444c95512b552fc9c52950c09481c86934331dc96576070a9e41d9a17,configs/data/speech_commands_v2_mfcc32_paper.yaml,f383e414a13836bc3e84508b5c5544ad6a3240da,True,2026.6624821112491
outputs/students-dnn/dnn_h24-seed2,students-dnn,dnn_h24,2,completed,200,20292,0.7439820022497188,,0.757089077268911,0.7421822272215973,dnn,False,configs/model/dnn_h24.yaml,True,configs/train/light.yaml,e3a9168444c95512b552fc9c52950c09481c86934331dc96576070a9e41d9a17,configs/data/speech_commands_v2_mfcc32_paper.yaml,f383e414a13836bc3e84508b5c5544ad6a3240da,True,2028.8546500836965
outputs/students-dnn/dnn_h24-seed3,students-dnn,dnn_h24,3,completed,200,20292,0.7361079865016873,,0.7614765864095551,0.7340832395950506,dnn,False,configs/model/dnn_h24.yaml,True,configs/train/light.yaml,e3a9168444c95512b552fc9c52950c09481c86934331dc96576070a9e41d9a17,configs/data/speech_commands_v2_mfcc32_paper.yaml,f383e414a13836bc3e84508b5c5544ad6a3240da,True,2199.05678704218
outputs/students-dnn/dnn_h24-seed4,students-dnn,dnn_h24,4,completed,200,20292,0.7417322834645669,,0.7607182514963573,0.7392575928008999,dnn,False,configs/model/dnn_h24.yaml,True,configs/train/light.yaml,e3a9168444c95512b552fc9c52950c09481c86934331dc96576070a9e41d9a17,configs/data/speech_commands_v2_mfcc32_paper.yaml,f383e414a13836bc3e84508b5c5544ad6a3240da,True,2303.8916150007863
outputs/students-dnn/dnn_h32-seed0,students-dnn,dnn_h32,0,completed,200,27052,0.7698537682789651,,0.7982287463098882,0.7687289088863892,dnn,False,configs/model/dnn_h32.yaml,True,configs/train/light.yaml,e3a9168444c95512b552fc9c52950c09481c86934331dc96576070a9e41d9a17,configs/data/speech_commands_v2_mfcc32_paper.yaml,f383e414a13836bc3e84508b5c5544ad6a3240da,True,2019.9409565420938
outputs/students-dnn/dnn_h32-seed1,students-dnn,dnn_h32,1,completed,200,27052,0.7626546681664792,,0.792920401917504,0.7590551181102362,dnn,False,configs/model/dnn_h32.yaml,True,configs/train/light.yaml,e3a9168444c95512b552fc9c52950c09481c86934331dc96576070a9e41d9a17,configs/data/speech_commands_v2_mfcc32_paper.yaml,f383e414a13836bc3e84508b5c5544ad6a3240da,True,2029.2451054970734
outputs/students-dnn/dnn_h32-seed2,students-dnn,dnn_h32,2,completed,200,27052,0.7739032620922385,,0.7992579151206565,0.7705286839145107,dnn,False,configs/model/dnn_h32.yaml,True,configs/train/light.yaml,e3a9168444c95512b552fc9c52950c09481c86934331dc96576070a9e41d9a17,configs/data/speech_commands_v2_mfcc32_paper.yaml,f383e414a13836bc3e84508b5c5544ad6a3240da,True,2027.1055799982278
outputs/students-dnn/dnn_h32-seed3,students-dnn,dnn_h32,3,completed,200,27052,0.7806524184476941,,0.7992579151206565,0.7790776152980877,dnn,False,configs/model/dnn_h32.yaml,True,configs/train/light.yaml,e3a9168444c95512b552fc9c52950c09481c86934331dc96576070a9e41d9a17,configs/data/speech_commands_v2_mfcc32_paper.yaml,f383e414a13836bc3e84508b5c5544ad6a3240da,True,2220.3262254542205
outputs/students-dnn/dnn_h32-seed4,students-dnn,dnn_h32,4,completed,200,27052,0.7707536557930259,,0.7951954066570972,0.7694038245219348,dnn,False,configs/model/dnn_h32.yaml,True,configs/train/light.yaml,e3a9168444c95512b552fc9c52950c09481c86934331dc96576070a9e41d9a17,configs/data/speech_commands_v2_mfcc32_paper.yaml,f383e414a13836bc3e84508b5c5544ad6a3240da,True,2256.0445783719188
outputs/students-dnn/dnn_h32_d2f32-seed0,students-dnn,dnn_h32_d2f32,0,completed,200,30044,0.792800899887514,,0.8175121198169163,0.7921259842519685,dnn,True,configs/model/dnn_h32_d2f32.yaml,True,configs/train/light.yaml,e3a9168444c95512b552fc9c52950c09481c86934331dc96576070a9e41d9a17,configs/data/speech_commands_v2_mfcc32_paper.yaml,f383e414a13836bc3e84508b5c5544ad6a3240da,True,2021.9324808778474
outputs/students-dnn/dnn_h32_d2f32-seed1,students-dnn,dnn_h32_d2f32,1,completed,200,30044,0.7826771653543307,,0.817782953714487,0.7808773903262092,dnn,True,configs/model/dnn_h32_d2f32.yaml,True,configs/train/light.yaml,e3a9168444c95512b552fc9c52950c09481c86934331dc96576070a9e41d9a17,configs/data/speech_commands_v2_mfcc32_paper.yaml,f383e414a13836bc3e84508b5c5544ad6a3240da,True,2026.9750507911667
outputs/students-dnn/dnn_h32_d2f32-seed2,students-dnn,dnn_h32_d2f32,2,completed,200,30044,0.7910011248593926,,0.8229287977683287,0.7892013498312711,dnn,True,configs/model/dnn_h32_d2f32.yaml,True,configs/train/light.yaml,e3a9168444c95512b552fc9c52950c09481c86934331dc96576070a9e41d9a17,configs/data/speech_commands_v2_mfcc32_paper.yaml,f383e414a13836bc3e84508b5c5544ad6a3240da,True,2032.0450619690819
outputs/students-dnn/dnn_h32_d2f32-seed3,students-dnn,dnn_h32_d2f32,3,completed,200,30044,0.7871766029246344,,0.8202746255721366,0.7820022497187852,dnn,True,configs/model/dnn_h32_d2f32.yaml,True,configs/train/light.yaml,e3a9168444c95512b552fc9c52950c09481c86934331dc96576070a9e41d9a17,configs/data/speech_commands_v2_mfcc32_paper.yaml,f383e414a13836bc3e84508b5c5544ad6a3240da,True,2172.467542959028
outputs/students-dnn/dnn_h32_d2f32-seed4,students-dnn,dnn_h32_d2f32,4,completed,200,30044,0.7856017997750281,,0.8219537957370745,0.7838020247469066,dnn,True,configs/model/dnn_h32_d2f32.yaml,True,configs/train/light.yaml,e3a9168444c95512b552fc9c52950c09481c86934331dc96576070a9e41d9a17,configs/data/speech_commands_v2_mfcc32_paper.yaml,f383e414a13836bc3e84508b5c5544ad6a3240da,True,2313.600013911724
outputs/students-dnn/dnn_h35-seed0,students-dnn,dnn_h35,0,completed,200,29587,0.7779527559055118,,0.8073829320477751,0.7766029246344207,dnn,False,configs/model/dnn_h35.yaml,True,configs/train/light.yaml,e3a9168444c95512b552fc9c52950c09481c86934331dc96576070a9e41d9a17,configs/data/speech_commands_v2_mfcc32_paper.yaml,f383e414a13836bc3e84508b5c5544ad6a3240da,True,2017.7916214588913
outputs/students-dnn/dnn_h35-seed1,students-dnn,dnn_h35,1,completed,200,29587,0.7829021372328459,,0.8071391815399616,0.779302587176603,dnn,False,configs/model/dnn_h35.yaml,True,configs/train/light.yaml,e3a9168444c95512b552fc9c52950c09481c86934331dc96576070a9e41d9a17,configs/data/speech_commands_v2_mfcc32_paper.yaml,f383e414a13836bc3e84508b5c5544ad6a3240da,True,2028.9278521651868
outputs/students-dnn/dnn_h35-seed2,students-dnn,dnn_h35,2,completed,200,29587,0.784251968503937,,0.8081412669609729,0.7831271091113611,dnn,False,configs/model/dnn_h35.yaml,True,configs/train/light.yaml,e3a9168444c95512b552fc9c52950c09481c86934331dc96576070a9e41d9a17,configs/data/speech_commands_v2_mfcc32_paper.yaml,f383e414a13836bc3e84508b5c5544ad6a3240da,True,2023.1416616761126
outputs/students-dnn/dnn_h35-seed3,students-dnn,dnn_h35,3,completed,200,29587,0.7727784026996626,,0.8035370907022723,0.7725534308211474,dnn,False,configs/model/dnn_h35.yaml,True,configs/train/light.yaml,e3a9168444c95512b552fc9c52950c09481c86934331dc96576070a9e41d9a17,configs/data/speech_commands_v2_mfcc32_paper.yaml,f383e414a13836bc3e84508b5c5544ad6a3240da,True,2175.2709657632513
outputs/students-dnn/dnn_h35-seed4,students-dnn,dnn_h35,4,completed,200,29587,0.7698537682789651,,0.8079516832326734,0.7671541057367829,dnn,False,configs/model/dnn_h35.yaml,True,configs/train/light.yaml,e3a9168444c95512b552fc9c52950c09481c86934331dc96576070a9e41d9a17,configs/data/speech_commands_v2_mfcc32_paper.yaml,f383e414a13836bc3e84508b5c5544ad6a3240da,True,2317.7503892525565
outputs/students-dnn/dnn_h48-seed0,students-dnn,dnn_h48,0,completed,200,40572,0.8065241844769404,,0.8402080004333342,0.8053993250843644,dnn,False,configs/model/dnn_h48.yaml,True,configs/train/light.yaml,e3a9168444c95512b552fc9c52950c09481c86934331dc96576070a9e41d9a17,configs/data/speech_commands_v2_mfcc32_paper.yaml,f383e414a13836bc3e84508b5c5544ad6a3240da,True,2024.7306814719923
outputs/students-dnn/dnn_h48-seed1,students-dnn,dnn_h48,1,completed,200,40572,0.7970753655793026,,0.8350350729897354,0.7961754780652418,dnn,False,configs/model/dnn_h48.yaml,True,configs/train/light.yaml,e3a9168444c95512b552fc9c52950c09481c86934331dc96576070a9e41d9a17,configs/data/speech_commands_v2_mfcc32_paper.yaml,f383e414a13836bc3e84508b5c5544ad6a3240da,True,2028.4194372047205
outputs/students-dnn/dnn_h48-seed2,students-dnn,dnn_h48,2,completed,200,40572,0.8013498312710912,,0.8432142566963681,0.7979752530933634,dnn,False,configs/model/dnn_h48.yaml,True,configs/train/light.yaml,e3a9168444c95512b552fc9c52950c09481c86934331dc96576070a9e41d9a17,configs/data/speech_commands_v2_mfcc32_paper.yaml,f383e414a13836bc3e84508b5c5544ad6a3240da,True,2027.8579660339747
outputs/students-dnn/dnn_h48-seed3,students-dnn,dnn_h48,3,completed,200,40572,0.7930258717660292,,0.8367142431546732,0.7907761529808774,dnn,False,configs/model/dnn_h48.yaml,True,configs/train/light.yaml,e3a9168444c95512b552fc9c52950c09481c86934331dc96576070a9e41d9a17,configs/data/speech_commands_v2_mfcc32_paper.yaml,f383e414a13836bc3e84508b5c5544ad6a3240da,True,2217.50857333187
outputs/students-dnn/dnn_h48-seed4,students-dnn,dnn_h48,4,completed,200,40572,0.8078740157480315,,0.8380142458630122,0.8051743532058493,dnn,False,configs/model/dnn_h48.yaml,True,configs/train/light.yaml,e3a9168444c95512b552fc9c52950c09481c86934331dc96576070a9e41d9a17,configs/data/speech_commands_v2_mfcc32_paper.yaml,f383e414a13836bc3e84508b5c5544ad6a3240da,True,2255.276211373508
outputs/students-dscnn/ds_cnn_w20_mfcc-seed0,students-dscnn,ds_cnn_w20_mfcc,0,completed,200,2112,0.9165354330708662,,0.8716518159412832,0.915185601799775,ds_cnn,False,configs/model/ds_cnn_w20_mfcc.yaml,True,configs/train/sparknet_narrow_paper_fast_io.yaml,c10f2760eabb037f6dd3be8959f20ecd89e631e79680adf64021e82b20709a00,configs/data/speech_commands_v2_mfcc32_paper.yaml,f383e414a13836bc3e84508b5c5544ad6a3240da,True,1959.1811597539927
outputs/students-dscnn/ds_cnn_w20_mfcc-seed1,students-dscnn,ds_cnn_w20_mfcc,1,completed,200,2112,0.9140607424071991,,0.8725997345827804,0.9129358830146231,ds_cnn,False,configs/model/ds_cnn_w20_mfcc.yaml,True,configs/train/sparknet_narrow_paper_fast_io.yaml,c10f2760eabb037f6dd3be8959f20ecd89e631e79680adf64021e82b20709a00,configs/data/speech_commands_v2_mfcc32_paper.yaml,f383e414a13836bc3e84508b5c5544ad6a3240da,True,3230.8689047499793
outputs/students-dscnn/ds_cnn_w20_mfcc-seed2,students-dscnn,ds_cnn_w20_mfcc,2,completed,200,2112,0.9095613048368953,,0.8716518159412832,0.9070866141732283,ds_cnn,False,configs/model/ds_cnn_w20_mfcc.yaml,True,configs/train/sparknet_narrow_paper_fast_io.yaml,c10f2760eabb037f6dd3be8959f20ecd89e631e79680adf64021e82b20709a00,configs/data/speech_commands_v2_mfcc32_paper.yaml,f383e414a13836bc3e84508b5c5544ad6a3240da,True,3299.4768283700687
outputs/students-dscnn/ds_cnn_w20d1f4_mfcc-seed0,students-dscnn,ds_cnn_w20d1f4_mfcc,0,completed,200,2352,0.911586051743532,,0.8712184817051702,0.9095613048368953,ds_cnn,True,configs/model/ds_cnn_w20d1f4_mfcc.yaml,True,configs/train/sparknet_narrow_paper_fast_io.yaml,c10f2760eabb037f6dd3be8959f20ecd89e631e79680adf64021e82b20709a00,configs/data/speech_commands_v2_mfcc32_paper.yaml,f383e414a13836bc3e84508b5c5544ad6a3240da,True,2780.821179503808
outputs/students-dscnn/ds_cnn_w20d1f4_mfcc-seed1,students-dscnn,ds_cnn_w20d1f4_mfcc,1,completed,200,2352,0.912710911136108,,0.8684018091704357,0.911586051743532,ds_cnn,True,configs/model/ds_cnn_w20d1f4_mfcc.yaml,True,configs/train/sparknet_narrow_paper_fast_io.yaml,c10f2760eabb037f6dd3be8959f20ecd89e631e79680adf64021e82b20709a00,configs/data/speech_commands_v2_mfcc32_paper.yaml,f383e414a13836bc3e84508b5c5544ad6a3240da,True,5154.944873706496
outputs/students-dscnn/ds_cnn_w20d1f4_mfcc-seed2,students-dscnn,ds_cnn_w20d1f4_mfcc,2,completed,200,2352,0.9122609673790776,,0.8704059800124584,0.9097862767154106,ds_cnn,True,configs/model/ds_cnn_w20d1f4_mfcc.yaml,True,configs/train/sparknet_narrow_paper_fast_io.yaml,c10f2760eabb037f6dd3be8959f20ecd89e631e79680adf64021e82b20709a00,configs/data/speech_commands_v2_mfcc32_paper.yaml,f383e414a13836bc3e84508b5c5544ad6a3240da,True,5625.6034104221035
outputs/students-dscnn/ds_cnn_w20d2f4_mfcc-seed0,students-dscnn,ds_cnn_w20d2f4_mfcc,0,completed,200,2592,0.9142857142857143,,0.8735747366140346,0.9142857142857143,ds_cnn,True,configs/model/ds_cnn_w20d2f4_mfcc.yaml,True,configs/train/sparknet_narrow_paper_fast_io.yaml,c10f2760eabb037f6dd3be8959f20ecd89e631e79680adf64021e82b20709a00,configs/data/speech_commands_v2_mfcc32_paper.yaml,f383e414a13836bc3e84508b5c5544ad6a3240da,True,4000.215824580693
outputs/students-dscnn/ds_cnn_w20d2f4_mfcc-seed1,students-dscnn,ds_cnn_w20d2f4_mfcc,1,completed,200,2592,0.9034870641169854,,0.8596538742789047,0.9025871766029246,ds_cnn,True,configs/model/ds_cnn_w20d2f4_mfcc.yaml,True,configs/train/sparknet_narrow_paper_fast_io.yaml,c10f2760eabb037f6dd3be8959f20ecd89e631e79680adf64021e82b20709a00,configs/data/speech_commands_v2_mfcc32_paper.yaml,f383e414a13836bc3e84508b5c5544ad6a3240da,True,7765.9293899629265
outputs/students-dscnn/ds_cnn_w20d2f4_mfcc-seed2,students-dscnn,ds_cnn_w20d2f4_mfcc,2,completed,200,2592,0.9145106861642295,,0.8807789182894131,0.9133858267716536,ds_cnn,True,configs/model/ds_cnn_w20d2f4_mfcc.yaml,True,configs/train/sparknet_narrow_paper_fast_io.yaml,c10f2760eabb037f6dd3be8959f20ecd89e631e79680adf64021e82b20709a00,configs/data/speech_commands_v2_mfcc32_paper.yaml,f383e414a13836bc3e84508b5c5544ad6a3240da,True,7884.805610382988
outputs/students-dscnn/ds_cnn_w24_mfcc-seed0,students-dscnn,ds_cnn_w24_mfcc,0,completed,200,2724,0.9194600674915635,,0.8963789507894808,0.9169853768278965,ds_cnn,False,configs/model/ds_cnn_w24_mfcc.yaml,True,configs/train/sparknet_narrow_paper_fast_io.yaml,c10f2760eabb037f6dd3be8959f20ecd89e631e79680adf64021e82b20709a00,configs/data/speech_commands_v2_mfcc32_paper.yaml,f383e414a13836bc3e84508b5c5544ad6a3240da,True,2565.4491806974984
outputs/students-dscnn/ds_cnn_w24_mfcc-seed1,students-dscnn,ds_cnn_w24_mfcc,1,completed,200,2724,0.9255343082114735,,0.8933185277469328,0.9253093363329584,ds_cnn,False,configs/model/ds_cnn_w24_mfcc.yaml,True,configs/train/sparknet_narrow_paper_fast_io.yaml,c10f2760eabb037f6dd3be8959f20ecd89e631e79680adf64021e82b20709a00,configs/data/speech_commands_v2_mfcc32_paper.yaml,f383e414a13836bc3e84508b5c5544ad6a3240da,True,3339.9157550358796
outputs/students-dscnn/ds_cnn_w24_mfcc-seed2,students-dscnn,ds_cnn_w24_mfcc,2,completed,200,2724,0.9230596175478065,,0.8967039514665656,0.9219347581552306,ds_cnn,False,configs/model/ds_cnn_w24_mfcc.yaml,True,configs/train/sparknet_narrow_paper_fast_io.yaml,c10f2760eabb037f6dd3be8959f20ecd89e631e79680adf64021e82b20709a00,configs/data/speech_commands_v2_mfcc32_paper.yaml,f383e414a13836bc3e84508b5c5544ad6a3240da,True,3531.348318166274
outputs/students-dscnn/ds_cnn_w24d2f4_mfcc-seed0,students-dscnn,ds_cnn_w24d2f4_mfcc,0,completed,200,3300,0.9302587176602924,,0.8958914497738537,0.9275590551181102,ds_cnn,True,configs/model/ds_cnn_w24d2f4_mfcc.yaml,True,configs/train/sparknet_narrow_paper_fast_io.yaml,c10f2760eabb037f6dd3be8959f20ecd89e631e79680adf64021e82b20709a00,configs/data/speech_commands_v2_mfcc32_paper.yaml,f383e414a13836bc3e84508b5c5544ad6a3240da,True,7867.156818535994
outputs/students-dscnn/ds_cnn_w24d2f4_mfcc-seed1,students-dscnn,ds_cnn_w24d2f4_mfcc,1,completed,200,3300,0.9239595050618673,,0.8960810335021532,0.9228346456692913,ds_cnn,True,configs/model/ds_cnn_w24d2f4_mfcc.yaml,True,configs/train/sparknet_narrow_paper_fast_io.yaml,c10f2760eabb037f6dd3be8959f20ecd89e631e79680adf64021e82b20709a00,configs/data/speech_commands_v2_mfcc32_paper.yaml,f383e414a13836bc3e84508b5c5544ad6a3240da,True,9000.274632831977
outputs/students-dscnn/ds_cnn_w24d2f4_mfcc-seed2,students-dscnn,ds_cnn_w24d2f4_mfcc,2,completed,200,3300,0.9289088863892013,,0.8988706226471305,0.928458942632171,ds_cnn,True,configs/model/ds_cnn_w24d2f4_mfcc.yaml,True,configs/train/sparknet_narrow_paper_fast_io.yaml,c10f2760eabb037f6dd3be8959f20ecd89e631e79680adf64021e82b20709a00,configs/data/speech_commands_v2_mfcc32_paper.yaml,f383e414a13836bc3e84508b5c5544ad6a3240da,True,5514.691981881915
outputs/students-dscnn/ds_cnn_w24fcd4f8_mfcc-seed0,students-dscnn,ds_cnn_w24fcd4f8_mfcc,0,completed,200,3204,0.9271091113610799,,0.9028789643311756,0.9246344206974129,ds_cnn,True,configs/model/ds_cnn_w24fcd4f8_mfcc.yaml,True,configs/train/sparknet_narrow_paper_fast_io.yaml,c10f2760eabb037f6dd3be8959f20ecd89e631e79680adf64021e82b20709a00,configs/data/speech_commands_v2_mfcc32_paper.yaml,f383e414a13836bc3e84508b5c5544ad6a3240da,True,2648.974785543338
outputs/students-dscnn/ds_cnn_w24fcd4f8_mfcc-seed1,students-dscnn,ds_cnn_w24fcd4f8_mfcc,1,completed,200,3204,0.9163104611923509,,0.8930206104596051,0.9138357705286839,ds_cnn,True,configs/model/ds_cnn_w24fcd4f8_mfcc.yaml,True,configs/train/sparknet_narrow_paper_fast_io.yaml,c10f2760eabb037f6dd3be8959f20ecd89e631e79680adf64021e82b20709a00,configs/data/speech_commands_v2_mfcc32_paper.yaml,f383e414a13836bc3e84508b5c5544ad6a3240da,True,3556.0081749960664
outputs/students-dscnn/ds_cnn_w24fcd4f8_mfcc-seed2,students-dscnn,ds_cnn_w24fcd4f8_mfcc,2,completed,200,3204,0.925984251968504,,0.9020393792487068,0.924859392575928,ds_cnn,True,configs/model/ds_cnn_w24fcd4f8_mfcc.yaml,True,configs/train/sparknet_narrow_paper_fast_io.yaml,c10f2760eabb037f6dd3be8959f20ecd89e631e79680adf64021e82b20709a00,configs/data/speech_commands_v2_mfcc32_paper.yaml,f383e414a13836bc3e84508b5c5544ad6a3240da,True,3713.8970275447355
outputs/students-dscnn/ds_cnn_w28_mfcc-seed0,students-dscnn,ds_cnn_w28_mfcc,0,completed,200,3400,0.9320584926884139,,0.9105164802426672,0.930933633295838,ds_cnn,False,configs/model/ds_cnn_w28_mfcc.yaml,True,configs/train/sparknet_narrow_paper_fast_io.yaml,c10f2760eabb037f6dd3be8959f20ecd89e631e79680adf64021e82b20709a00,configs/data/speech_commands_v2_mfcc32_paper.yaml,f383e414a13836bc3e84508b5c5544ad6a3240da,True,3003.4441772132413
outputs/students-dscnn/ds_cnn_w28_mfcc-seed1,students-dscnn,ds_cnn_w28_mfcc,1,completed,200,3400,0.9291338582677166,,0.911274815155865,0.9289088863892013,ds_cnn,False,configs/model/ds_cnn_w28_mfcc.yaml,True,configs/train/sparknet_narrow_paper_fast_io.yaml,c10f2760eabb037f6dd3be8959f20ecd89e631e79680adf64021e82b20709a00,configs/data/speech_commands_v2_mfcc32_paper.yaml,f383e414a13836bc3e84508b5c5544ad6a3240da,True,3415.9181239921018
outputs/students-dscnn/ds_cnn_w28_mfcc-seed2,students-dscnn,ds_cnn_w28_mfcc,2,completed,200,3400,0.9293588301462318,,0.9065893887278932,0.9271091113610799,ds_cnn,False,configs/model/ds_cnn_w28_mfcc.yaml,True,configs/train/sparknet_narrow_paper_fast_io.yaml,c10f2760eabb037f6dd3be8959f20ecd89e631e79680adf64021e82b20709a00,configs/data/speech_commands_v2_mfcc32_paper.yaml,f383e414a13836bc3e84508b5c5544ad6a3240da,True,3653.6070237979293
outputs/students-dscnn/ds_cnn_w32_mfcc-seed0,students-dscnn,ds_cnn_w32_mfcc,0,completed,200,4140,0.937007874015748,,0.9202123337756953,0.9352080989876266,ds_cnn,False,configs/model/ds_cnn_w32_mfcc.yaml,True,configs/train/sparknet_narrow_paper_fast_io.yaml,c10f2760eabb037f6dd3be8959f20ecd89e631e79680adf64021e82b20709a00,configs/data/speech_commands_v2_mfcc32_paper.yaml,f383e414a13836bc3e84508b5c5544ad6a3240da,True,3215.465468659124
outputs/students-dscnn/ds_cnn_w32_mfcc-seed1,students-dscnn,ds_cnn_w32_mfcc,1,completed,200,4140,0.9356580427446569,,0.9202394171654524,0.9331833520809899,ds_cnn,False,configs/model/ds_cnn_w32_mfcc.yaml,True,configs/train/sparknet_narrow_paper_fast_io.yaml,c10f2760eabb037f6dd3be8959f20ecd89e631e79680adf64021e82b20709a00,configs/data/speech_commands_v2_mfcc32_paper.yaml,f383e414a13836bc3e84508b5c5544ad6a3240da,True,3489.0853973787744
outputs/students-dscnn/ds_cnn_w32_mfcc-seed2,students-dscnn,ds_cnn_w32_mfcc,2,completed,200,4140,0.9307086614173228,,0.921783170381605,0.9302587176602924,ds_cnn,False,configs/model/ds_cnn_w32_mfcc.yaml,True,configs/train/sparknet_narrow_paper_fast_io.yaml,c10f2760eabb037f6dd3be8959f20ecd89e631e79680adf64021e82b20709a00,configs/data/speech_commands_v2_mfcc32_paper.yaml,f383e414a13836bc3e84508b5c5544ad6a3240da,True,3666.7043311253656
outputs/students-dtnet/dtnet_a_het-seed0,students-dtnet,dtnet_a_het,0,completed,200,4160,0.887289088863892,,0.8917476911410233,0.8868391451068617,dtnet,True,configs/model/dtnet_a_het.yaml,True,configs/train/light.yaml,e3a9168444c95512b552fc9c52950c09481c86934331dc96576070a9e41d9a17,configs/data/speech_commands_v2_mfcc32_paper.yaml,f383e414a13836bc3e84508b5c5544ad6a3240da,True,2344.7383058326086
outputs/students-dtnet/dtnet_a_het-seed1,students-dtnet,dtnet_a_het,1,completed,200,4160,0.8985376827896513,,0.9009831270481814,0.8965129358830146,dtnet,True,configs/model/dtnet_a_het.yaml,True,configs/train/light.yaml,e3a9168444c95512b552fc9c52950c09481c86934331dc96576070a9e41d9a17,configs/data/speech_commands_v2_mfcc32_paper.yaml,f383e414a13836bc3e84508b5c5544ad6a3240da,True,2506.238253620919
outputs/students-dtnet/dtnet_a_het-seed2,students-dtnet,dtnet_a_het,2,completed,200,4160,0.8852643419572553,,0.8946726972347859,0.8832395950506187,dtnet,True,configs/model/dtnet_a_het.yaml,True,configs/train/light.yaml,e3a9168444c95512b552fc9c52950c09481c86934331dc96576070a9e41d9a17,configs/data/speech_commands_v2_mfcc32_paper.yaml,f383e414a13836bc3e84508b5c5544ad6a3240da,True,2549.3846079112263
outputs/students-dtnet/dtnet_a_lin-seed0,students-dtnet,dtnet_a_lin,0,completed,200,4160,0.8773903262092239,,0.8727351515315657,0.8737907761529808,dtnet,True,configs/model/dtnet_a_lin.yaml,True,configs/train/light.yaml,e3a9168444c95512b552fc9c52950c09481c86934331dc96576070a9e41d9a17,configs/data/speech_commands_v2_mfcc32_paper.yaml,f383e414a13836bc3e84508b5c5544ad6a3240da,True,2511.379794464563
outputs/students-dtnet/dtnet_a_lin-seed1,students-dtnet,dtnet_a_lin,1,completed,200,4160,0.8794150731158605,,0.8757143244048425,0.8767154105736783,dtnet,True,configs/model/dtnet_a_lin.yaml,True,configs/train/light.yaml,e3a9168444c95512b552fc9c52950c09481c86934331dc96576070a9e41d9a17,configs/data/speech_commands_v2_mfcc32_paper.yaml,f383e414a13836bc3e84508b5c5544ad6a3240da,True,2567.907587663969
outputs/students-dtnet/dtnet_a_lin-seed2,students-dtnet,dtnet_a_lin,2,completed,200,4160,0.8668166479190101,,0.8747664057633453,0.8647919010123735,dtnet,True,configs/model/dtnet_a_lin.yaml,True,configs/train/light.yaml,e3a9168444c95512b552fc9c52950c09481c86934331dc96576070a9e41d9a17,configs/data/speech_commands_v2_mfcc32_paper.yaml,f383e414a13836bc3e84508b5c5544ad6a3240da,True,2618.4187909130706
outputs/students-dtnet/dtnet_a_mfcc-seed0,students-dtnet,dtnet_a_mfcc,0,completed,200,4160,0.78177727784027,,0.8218454621780462,0.778177727784027,dtnet,True,configs/model/dtnet_a_mfcc.yaml,True,configs/train/light.yaml,e3a9168444c95512b552fc9c52950c09481c86934331dc96576070a9e41d9a17,configs/data/speech_commands_v2_mfcc32_paper.yaml,f383e414a13836bc3e84508b5c5544ad6a3240da,True,2632.746731092804
outputs/students-dtnet/dtnet_a_mfcc-seed1,students-dtnet,dtnet_a_mfcc,1,completed,200,4160,0.8125984251968504,,0.8317308994393738,0.8101237345331833,dtnet,True,configs/model/dtnet_a_mfcc.yaml,True,configs/train/light.yaml,e3a9168444c95512b552fc9c52950c09481c86934331dc96576070a9e41d9a17,configs/data/speech_commands_v2_mfcc32_paper.yaml,f383e414a13836bc3e84508b5c5544ad6a3240da,True,2664.2728475024924
outputs/students-dtnet/dtnet_a_mfcc-seed2,students-dtnet,dtnet_a_mfcc,2,completed,200,4160,0.7986501687289089,,0.831378815372532,0.7959505061867267,dtnet,True,configs/model/dtnet_a_mfcc.yaml,True,configs/train/light.yaml,e3a9168444c95512b552fc9c52950c09481c86934331dc96576070a9e41d9a17,configs/data/speech_commands_v2_mfcc32_paper.yaml,f383e414a13836bc3e84508b5c5544ad6a3240da,True,2611.091390493675
outputs/students-dtnet/dtnet_a_notau-seed0,students-dtnet,dtnet_a_notau,0,completed,200,4167,0.8992125984251969,,0.8992227067139723,0.8967379077615298,dtnet,True,configs/model/dtnet_a_notau.yaml,True,configs/train/light.yaml,e3a9168444c95512b552fc9c52950c09481c86934331dc96576070a9e41d9a17,configs/data/speech_commands_v2_mfcc32_paper.yaml,f383e414a13836bc3e84508b5c5544ad6a3240da,True,2609.1518390785204
outputs/students-dtnet/dtnet_a_notau-seed1,students-dtnet,dtnet_a_notau,1,completed,200,4167,0.9052868391451069,,0.9001435419657124,0.9039370078740158,dtnet,True,configs/model/dtnet_a_notau.yaml,True,configs/train/light.yaml,e3a9168444c95512b552fc9c52950c09481c86934331dc96576070a9e41d9a17,configs/data/speech_commands_v2_mfcc32_paper.yaml,f383e414a13836bc3e84508b5c5544ad6a3240da,True,2590.1158847140614
outputs/students-dtnet/dtnet_a_notau-seed2,students-dtnet,dtnet_a_notau,2,completed,200,4167,0.8893138357705287,,0.89518728164017,0.8859392575928009,dtnet,True,configs/model/dtnet_a_notau.yaml,True,configs/train/light.yaml,e3a9168444c95512b552fc9c52950c09481c86934331dc96576070a9e41d9a17,configs/data/speech_commands_v2_mfcc32_paper.yaml,f383e414a13836bc3e84508b5c5544ad6a3240da,True,2557.6139766173437
outputs/students-dtnet/dtnet_a_point-seed0,students-dtnet,dtnet_a_point,0,completed,200,4183,0.900562429696288,,0.9066977222869215,0.8994375703037121,dtnet,False,configs/model/dtnet_a_point.yaml,True,configs/train/light.yaml,e3a9168444c95512b552fc9c52950c09481c86934331dc96576070a9e41d9a17,configs/data/speech_commands_v2_mfcc32_paper.yaml,f383e414a13836bc3e84508b5c5544ad6a3240da,True,2545.3194807929685
outputs/students-dtnet/dtnet_a_point-seed1,students-dtnet,dtnet_a_point,1,completed,200,4183,0.8976377952755905,,0.9080518917747745,0.8958380202474691,dtnet,False,configs/model/dtnet_a_point.yaml,True,configs/train/light.yaml,e3a9168444c95512b552fc9c52950c09481c86934331dc96576070a9e41d9a17,configs/data/speech_commands_v2_mfcc32_paper.yaml,f383e414a13836bc3e84508b5c5544ad6a3240da,True,2566.491714583477
outputs/students-dtnet/dtnet_a_point-seed2,students-dtnet,dtnet_a_point,2,completed,200,4183,0.8956130483689538,,0.9083498090621022,0.8938132733408324,dtnet,False,configs/model/dtnet_a_point.yaml,True,configs/train/light.yaml,e3a9168444c95512b552fc9c52950c09481c86934331dc96576070a9e41d9a17,configs/data/speech_commands_v2_mfcc32_paper.yaml,f383e414a13836bc3e84508b5c5544ad6a3240da,True,2599.2841982943937
outputs/students-dtnet/dtnet_a_point3-seed0,students-dtnet,dtnet_a_point3,0,completed,200,4137,0.9113610798650169,,0.9199144164883677,0.9102362204724409,dtnet,False,configs/model/dtnet_a_point3.yaml,True,configs/train/light.yaml,e3a9168444c95512b552fc9c52950c09481c86934331dc96576070a9e41d9a17,configs/data/speech_commands_v2_mfcc32_paper.yaml,f383e414a13836bc3e84508b5c5544ad6a3240da,True,2591.7118255893
outputs/students-dtnet/dtnet_a_point3-seed1,students-dtnet,dtnet_a_point3,1,completed,200,4137,0.9149606299212598,,0.9194810822522547,0.9129358830146231,dtnet,False,configs/model/dtnet_a_point3.yaml,True,configs/train/light.yaml,e3a9168444c95512b552fc9c52950c09481c86934331dc96576070a9e41d9a17,configs/data/speech_commands_v2_mfcc32_paper.yaml,f383e414a13836bc3e84508b5c5544ad6a3240da,True,2598.3809336564736
outputs/students-dtnet/dtnet_a_point3-seed2,students-dtnet,dtnet_a_point3,2,completed,200,4137,0.9165354330708662,,0.9234352571567858,0.9158605174353206,dtnet,False,configs/model/dtnet_a_point3.yaml,True,configs/train/light.yaml,e3a9168444c95512b552fc9c52950c09481c86934331dc96576070a9e41d9a17,configs/data/speech_commands_v2_mfcc32_paper.yaml,f383e414a13836bc3e84508b5c5544ad6a3240da,True,2618.0027680391213
outputs/students-dtnet/dtnet_a_rnd-seed0,students-dtnet,dtnet_a_rnd,0,completed,200,4160,0.8996625421822272,,0.9033122985672887,0.8976377952755905,dtnet,True,configs/model/dtnet_a_rnd.yaml,True,configs/train/light.yaml,e3a9168444c95512b552fc9c52950c09481c86934331dc96576070a9e41d9a17,configs/data/speech_commands_v2_mfcc32_paper.yaml,f383e414a13836bc3e84508b5c5544ad6a3240da,True,2660.8446530033834
outputs/students-dtnet/dtnet_a_rnd-seed1,students-dtnet,dtnet_a_rnd,1,completed,200,4160,0.8987626546681665,,0.9054248029683395,0.8956130483689538,dtnet,True,configs/model/dtnet_a_rnd.yaml,True,configs/train/light.yaml,e3a9168444c95512b552fc9c52950c09481c86934331dc96576070a9e41d9a17,configs/data/speech_commands_v2_mfcc32_paper.yaml,f383e414a13836bc3e84508b5c5544ad6a3240da,True,2680.844336083159
outputs/students-dtnet/dtnet_a_rnd-seed2,students-dtnet,dtnet_a_rnd,2,completed,200,4160,0.8942632170978627,,0.9049914687322266,0.8920134983127109,dtnet,True,configs/model/dtnet_a_rnd.yaml,True,configs/train/light.yaml,e3a9168444c95512b552fc9c52950c09481c86934331dc96576070a9e41d9a17,configs/data/speech_commands_v2_mfcc32_paper.yaml,f383e414a13836bc3e84508b5c5544ad6a3240da,True,2645.4689276331337
outputs/students-dtnet/dtnet_a_shared-seed0,students-dtnet,dtnet_a_shared,0,completed,200,4176,0.8902137232845895,,0.8910164396175826,0.8881889763779528,dtnet,True,configs/model/dtnet_a_shared.yaml,True,configs/train/light.yaml,e3a9168444c95512b552fc9c52950c09481c86934331dc96576070a9e41d9a17,configs/data/speech_commands_v2_mfcc32_paper.yaml,f383e414a13836bc3e84508b5c5544ad6a3240da,True,2514.013524364447
outputs/students-dtnet/dtnet_a_shared-seed1,students-dtnet,dtnet_a_shared,1,completed,200,4176,0.8922384701912262,,0.890799772499526,0.8922384701912262,dtnet,True,configs/model/dtnet_a_shared.yaml,True,configs/train/light.yaml,e3a9168444c95512b552fc9c52950c09481c86934331dc96576070a9e41d9a17,configs/data/speech_commands_v2_mfcc32_paper.yaml,f383e414a13836bc3e84508b5c5544ad6a3240da,True,2588.023316325154
outputs/students-dtnet/dtnet_a_shared-seed2,students-dtnet,dtnet_a_shared,2,completed,200,4176,0.883689538807649,,0.8874685155594074,0.8814398200224972,dtnet,True,configs/model/dtnet_a_shared.yaml,True,configs/train/light.yaml,e3a9168444c95512b552fc9c52950c09481c86934331dc96576070a9e41d9a17,configs/data/speech_commands_v2_mfcc32_paper.yaml,f383e414a13836bc3e84508b5c5544ad6a3240da,True,2638.0403146572644
outputs/students-dtnet/dtnet_b_het-seed0,students-dtnet,dtnet_b_het,0,completed,200,2019,0.8717660292463442,,0.8663976383284132,0.8695163104611924,dtnet,True,configs/model/dtnet_b_het.yaml,True,configs/train/light.yaml,e3a9168444c95512b552fc9c52950c09481c86934331dc96576070a9e41d9a17,configs/data/speech_commands_v2_mfcc32_paper.yaml,f383e414a13836bc3e84508b5c5544ad6a3240da,True,2652.9170222856337
outputs/students-dtnet/dtnet_b_het-seed1,students-dtnet,dtnet_b_het,1,completed,200,2019,0.8600674915635546,,0.8594101237710912,0.8575928008998875,dtnet,True,configs/model/dtnet_b_het.yaml,True,configs/train/light.yaml,e3a9168444c95512b552fc9c52950c09481c86934331dc96576070a9e41d9a17,configs/data/speech_commands_v2_mfcc32_paper.yaml,f383e414a13836bc3e84508b5c5544ad6a3240da,True,2651.0080210396554
outputs/students-dtnet/dtnet_b_het-seed2,students-dtnet,dtnet_b_het,2,completed,200,2019,0.8578177727784027,,0.8625788803726674,0.8560179977502812,dtnet,True,configs/model/dtnet_b_het.yaml,True,configs/train/light.yaml,e3a9168444c95512b552fc9c52950c09481c86934331dc96576070a9e41d9a17,configs/data/speech_commands_v2_mfcc32_paper.yaml,f383e414a13836bc3e84508b5c5544ad6a3240da,True,2356.374036041205
outputs/students-dtnet/dtnet_b_point-seed0,students-dtnet,dtnet_b_point,0,completed,200,2029,0.8841394825646794,,0.8764997427077973,0.8814398200224972,dtnet,False,configs/model/dtnet_b_point.yaml,True,configs/train/light.yaml,e3a9168444c95512b552fc9c52950c09481c86934331dc96576070a9e41d9a17,configs/data/speech_commands_v2_mfcc32_paper.yaml,f383e414a13836bc3e84508b5c5544ad6a3240da,True,2629.9494363800623
outputs/students-dtnet/dtnet_b_point-seed1,students-dtnet,dtnet_b_point,1,completed,200,2029,0.8818897637795275,,0.8765539094873114,0.8805399325084364,dtnet,False,configs/model/dtnet_b_point.yaml,True,configs/train/light.yaml,e3a9168444c95512b552fc9c52950c09481c86934331dc96576070a9e41d9a17,configs/data/speech_commands_v2_mfcc32_paper.yaml,f383e414a13836bc3e84508b5c5544ad6a3240da,True,2629.109014756512
outputs/students-dtnet/dtnet_b_point-seed2,students-dtnet,dtnet_b_point,2,completed,200,2029,0.8805399325084364,,0.8766893264360968,0.8782902137232846,dtnet,False,configs/model/dtnet_b_point.yaml,True,configs/train/light.yaml,e3a9168444c95512b552fc9c52950c09481c86934331dc96576070a9e41d9a17,configs/data/speech_commands_v2_mfcc32_paper.yaml,f383e414a13836bc3e84508b5c5544ad6a3240da,True,2094.4790694159456
outputs/students-ei/ei_c10x20-seed0,students-ei,ei_c10x20,0,completed,200,7842,0.8623172103487065,,0.8075725157760746,0.855793025871766,ei_conv1d,False,configs/model/ei_c10x20.yaml,True,configs/train/ei_conv1d_paper_fast_io.yaml,d778a51a2efa0ab08f9c0243c6c60928139f2d35cddd220f2f89b7abd3fc86d6,configs/data/speech_commands_v2_mfcc32_paper.yaml,f383e414a13836bc3e84508b5c5544ad6a3240da,True,2095.018216415716
outputs/students-ei/ei_c4x8-seed0,students-ei,ei_c4x8,0,completed,200,3000,0.6857142857142857,,0.5799637082577256,0.6780652418447694,ei_conv1d,False,configs/model/ei_c4x8.yaml,True,configs/train/ei_conv1d_paper_fast_io.yaml,d778a51a2efa0ab08f9c0243c6c60928139f2d35cddd220f2f89b7abd3fc86d6,configs/data/speech_commands_v2_mfcc32_paper.yaml,f383e414a13836bc3e84508b5c5544ad6a3240da,True,2196.6708426708938
outputs/students-ei/ei_c4x8_hd1f32-seed0,students-ei,ei_c4x8_hd1f32,0,completed,200,3408,0.6569178852643419,,0.5730574438696747,0.6407199100112486,ei_conv1d,True,configs/model/ei_c4x8_hd1f32.yaml,True,configs/train/ei_conv1d_paper_fast_io.yaml,d778a51a2efa0ab08f9c0243c6c60928139f2d35cddd220f2f89b7abd3fc86d6,configs/data/speech_commands_v2_mfcc32_paper.yaml,f383e414a13836bc3e84508b5c5544ad6a3240da,True,2217.432966203487
outputs/students-ei/ei_c4x8_hd2f32-seed0,students-ei,ei_c4x8_hd2f32,0,completed,200,3816,0.6200224971878515,,0.5468948893643528,0.5619797525309337,ei_conv1d,True,configs/model/ei_c4x8_hd2f32.yaml,True,configs/train/ei_conv1d_paper_fast_io.yaml,d778a51a2efa0ab08f9c0243c6c60928139f2d35cddd220f2f89b7abd3fc86d6,configs/data/speech_commands_v2_mfcc32_paper.yaml,f383e414a13836bc3e84508b5c5544ad6a3240da,True,2204.840120374225
outputs/students-ei/ei_c4x8_hd4f32-seed0,students-ei,ei_c4x8_hd4f32,0,completed,200,4632,0.6598425196850394,,0.5853262194296238,0.6512935883014623,ei_conv1d,True,configs/model/ei_c4x8_hd4f32.yaml,True,configs/train/ei_conv1d_paper_fast_io.yaml,d778a51a2efa0ab08f9c0243c6c60928139f2d35cddd220f2f89b7abd3fc86d6,configs/data/speech_commands_v2_mfcc32_paper.yaml,f383e414a13836bc3e84508b5c5544ad6a3240da,True,2210.554577623785
outputs/students-ei/ei_c5x10-seed0,students-ei,ei_c5x10,0,completed,200,3777,0.6929133858267716,,0.5993554153237819,0.6899887514060742,ei_conv1d,False,configs/model/ei_c5x10.yaml,True,configs/train/ei_conv1d_paper_fast_io.yaml,d778a51a2efa0ab08f9c0243c6c60928139f2d35cddd220f2f89b7abd3fc86d6,configs/data/speech_commands_v2_mfcc32_paper.yaml,f383e414a13836bc3e84508b5c5544ad6a3240da,True,2176.474291534396
outputs/students-ei/ei_c6x12-seed0,students-ei,ei_c6x12,0,completed,200,4566,0.7894263217097863,,0.717791078731414,0.7849268841394825,ei_conv1d,False,configs/model/ei_c6x12.yaml,True,configs/train/ei_conv1d_paper_fast_io.yaml,d778a51a2efa0ab08f9c0243c6c60928139f2d35cddd220f2f89b7abd3fc86d6,configs/data/speech_commands_v2_mfcc32_paper.yaml,f383e414a13836bc3e84508b5c5544ad6a3240da,True,2196.073921126139
outputs/students-ei/ei_c7x14-seed0,students-ei,ei_c7x14,0,completed,200,5367,0.8231721034870642,,0.7597974162446172,0.81822272215973,ei_conv1d,False,configs/model/ei_c7x14.yaml,True,configs/train/ei_conv1d_paper_fast_io.yaml,d778a51a2efa0ab08f9c0243c6c60928139f2d35cddd220f2f89b7abd3fc86d6,configs/data/speech_commands_v2_mfcc32_paper.yaml,f383e414a13836bc3e84508b5c5544ad6a3240da,True,2202.857454082172
outputs/students-ei/ei_c8x16-seed0,students-ei,ei_c8x16,0,completed,200,6180,0.821822272215973,,0.7651057606370013,0.815748031496063,ei_conv1d,False,configs/model/ei_c8x16.yaml,True,configs/train/ei_conv1d_paper_fast_io.yaml,d778a51a2efa0ab08f9c0243c6c60928139f2d35cddd220f2f89b7abd3fc86d6,configs/data/speech_commands_v2_mfcc32_paper.yaml,f383e414a13836bc3e84508b5c5544ad6a3240da,True,2201.3963811995927
outputs/students-ei/ei_c8x16_hd1f64-seed0,students-ei,ei_c8x16_hd1f64,0,completed,200,6972,0.8380202474690663,,0.7703599382498714,0.8337457817772779,ei_conv1d,True,configs/model/ei_c8x16_hd1f64.yaml,True,configs/train/ei_conv1d_paper_fast_io.yaml,d778a51a2efa0ab08f9c0243c6c60928139f2d35cddd220f2f89b7abd3fc86d6,configs/data/speech_commands_v2_mfcc32_paper.yaml,f383e414a13836bc3e84508b5c5544ad6a3240da,True,2197.966468091123
outputs/students-ei/ei_c8x16_hd2f64-seed0,students-ei,ei_c8x16_hd2f64,0,completed,200,7764,0.8330708661417323,,0.7777266202637922,0.8283464566929134,ei_conv1d,True,configs/model/ei_c8x16_hd2f64.yaml,True,configs/train/ei_conv1d_paper_fast_io.yaml,d778a51a2efa0ab08f9c0243c6c60928139f2d35cddd220f2f89b7abd3fc86d6,configs/data/speech_commands_v2_mfcc32_paper.yaml,f383e414a13836bc3e84508b5c5544ad6a3240da,True,2117.400394540222
outputs/students-ei/ei_c9x18-seed0,students-ei,ei_c9x18,0,completed,200,7005,0.8488188976377953,,0.7956558242829672,0.8391451068616423,ei_conv1d,False,configs/model/ei_c9x18.yaml,True,configs/train/ei_conv1d_paper_fast_io.yaml,d778a51a2efa0ab08f9c0243c6c60928139f2d35cddd220f2f89b7abd3fc86d6,configs/data/speech_commands_v2_mfcc32_paper.yaml,f383e414a13836bc3e84508b5c5544ad6a3240da,True,2198.3946105840732
outputs/students-ei-adamw/ei_c10x20-seed0,students-ei-adamw,ei_c10x20,0,completed,200,7842,0.8584926884139482,,0.7916745659886791,0.8564679415073115,ei_conv1d,False,configs/model/ei_c10x20.yaml,True,configs/train/light.yaml,e3a9168444c95512b552fc9c52950c09481c86934331dc96576070a9e41d9a17,configs/data/speech_commands_v2_mfcc32_paper.yaml,f383e414a13836bc3e84508b5c5544ad6a3240da,True,2018.2593026175746
outputs/students-ei-adamw/ei_c4x8-seed0,students-ei-adamw,ei_c4x8,0,completed,200,3000,0.6569178852643419,,0.612517942745714,0.6105736782902137,ei_conv1d,False,configs/model/ei_c4x8.yaml,True,configs/train/light.yaml,e3a9168444c95512b552fc9c52950c09481c86934331dc96576070a9e41d9a17,configs/data/speech_commands_v2_mfcc32_paper.yaml,f383e414a13836bc3e84508b5c5544ad6a3240da,True,1624.4224331607693
outputs/students-ei-adamw/ei_c4x8_hd2f32-seed0,students-ei-adamw,ei_c4x8_hd2f32,0,completed,200,3816,0.6434195725534309,,0.5961054085529345,0.6321709786276716,ei_conv1d,True,configs/model/ei_c4x8_hd2f32.yaml,True,configs/train/light.yaml,e3a9168444c95512b552fc9c52950c09481c86934331dc96576070a9e41d9a17,configs/data/speech_commands_v2_mfcc32_paper.yaml,f383e414a13836bc3e84508b5c5544ad6a3240da,True,2351.1760211927467
outputs/students-ei-adamw/ei_c8x16-seed0,students-ei-adamw,ei_c8x16,0,completed,200,6180,0.8125984251968504,,0.7566015762532838,0.8110236220472441,ei_conv1d,False,configs/model/ei_c8x16.yaml,True,configs/train/light.yaml,e3a9168444c95512b552fc9c52950c09481c86934331dc96576070a9e41d9a17,configs/data/speech_commands_v2_mfcc32_paper.yaml,f383e414a13836bc3e84508b5c5544ad6a3240da,True,2176.175519758137
outputs/students-ei-adamw/ei_c8x16_hd2f64-seed0,students-ei-adamw,ei_c8x16_hd2f64,0,completed,200,7764,0.835095613048369,,0.7655120114833572,0.8321709786276715,ei_conv1d,True,configs/model/ei_c8x16_hd2f64.yaml,True,configs/train/light.yaml,e3a9168444c95512b552fc9c52950c09481c86934331dc96576070a9e41d9a17,configs/data/speech_commands_v2_mfcc32_paper.yaml,f383e414a13836bc3e84508b5c5544ad6a3240da,True,2061.8822626189794
outputs/students-msd/sparknet_msd_a13_dense-seed0,students-msd,sparknet_msd_a13_dense,0,completed,200,4189,0.9430821147356581,,0.9487311431898816,0.9426321709786277,sparknet,False,configs/model/sparknet_msd_a13_dense.yaml,True,configs/train/sparknet_narrow_paper_fast_io.yaml,c10f2760eabb037f6dd3be8959f20ecd89e631e79680adf64021e82b20709a00,configs/data/speech_commands_v2_mfcc32_paper.yaml,f383e414a13836bc3e84508b5c5544ad6a3240da,True,2142.8128028865904
outputs/students-msd/sparknet_msd_a13_dense-seed1,students-msd,sparknet_msd_a13_dense,1,completed,200,4189,0.9307086614173228,,0.9470519730249438,0.9291338582677166,sparknet,False,configs/model/sparknet_msd_a13_dense.yaml,True,configs/train/sparknet_narrow_paper_fast_io.yaml,c10f2760eabb037f6dd3be8959f20ecd89e631e79680adf64021e82b20709a00,configs/data/speech_commands_v2_mfcc32_paper.yaml,f383e414a13836bc3e84508b5c5544ad6a3240da,True,2143.4177142005647
outputs/students-msd/sparknet_msd_a13_dense-seed2,students-msd,sparknet_msd_a13_dense,2,completed,200,4189,0.9451068616422947,,0.9498686455596782,0.9448818897637795,sparknet,False,configs/model/sparknet_msd_a13_dense.yaml,True,configs/train/sparknet_narrow_paper_fast_io.yaml,c10f2760eabb037f6dd3be8959f20ecd89e631e79680adf64021e82b20709a00,configs/data/speech_commands_v2_mfcc32_paper.yaml,f383e414a13836bc3e84508b5c5544ad6a3240da,True,2164.1363334477646
outputs/students-msd/sparknet_msd_a13_lin-seed0,students-msd,sparknet_msd_a13_lin,0,completed,200,4134,0.9388076490438695,,0.9413102943964466,0.9383577052868391,sparknet,True,configs/model/sparknet_msd_a13_lin.yaml,True,configs/train/sparknet_narrow_paper_fast_io.yaml,c10f2760eabb037f6dd3be8959f20ecd89e631e79680adf64021e82b20709a00,configs/data/speech_commands_v2_mfcc32_paper.yaml,f383e414a13836bc3e84508b5c5544ad6a3240da,True,2217.274254953023
outputs/students-msd/sparknet_msd_a13_lin-seed1,students-msd,sparknet_msd_a13_lin,1,completed,200,4134,0.934533183352081,,0.9342686130596105,0.9331833520809899,sparknet,True,configs/model/sparknet_msd_a13_lin.yaml,True,configs/train/sparknet_narrow_paper_fast_io.yaml,c10f2760eabb037f6dd3be8959f20ecd89e631e79680adf64021e82b20709a00,configs/data/speech_commands_v2_mfcc32_paper.yaml,f383e414a13836bc3e84508b5c5544ad6a3240da,True,2235.35799454886
outputs/students-msd/sparknet_msd_a13_lin-seed2,students-msd,sparknet_msd_a13_lin,2,completed,200,4134,0.9318335208098988,,0.9387644557592828,0.9291338582677166,sparknet,True,configs/model/sparknet_msd_a13_lin.yaml,True,configs/train/sparknet_narrow_paper_fast_io.yaml,c10f2760eabb037f6dd3be8959f20ecd89e631e79680adf64021e82b20709a00,configs/data/speech_commands_v2_mfcc32_paper.yaml,f383e414a13836bc3e84508b5c5544ad6a3240da,True,2235.244107456878
outputs/students-msd/sparknet_msd_a13_relu-seed0,students-msd,sparknet_msd_a13_relu,0,completed,200,4134,0.939482564679415,,0.9426102971047856,0.937007874015748,sparknet,True,configs/model/sparknet_msd_a13_relu.yaml,True,configs/train/sparknet_narrow_paper_fast_io.yaml,c10f2760eabb037f6dd3be8959f20ecd89e631e79680adf64021e82b20709a00,configs/data/speech_commands_v2_mfcc32_paper.yaml,f383e414a13836bc3e84508b5c5544ad6a3240da,True,2646.952528921305
outputs/students-msd/sparknet_msd_a13_relu-seed1,students-msd,sparknet_msd_a13_relu,1,completed,200,4134,0.9419572553430822,,0.94404571676191,0.9403824521934758,sparknet,True,configs/model/sparknet_msd_a13_relu.yaml,True,configs/train/sparknet_narrow_paper_fast_io.yaml,c10f2760eabb037f6dd3be8959f20ecd89e631e79680adf64021e82b20709a00,configs/data/speech_commands_v2_mfcc32_paper.yaml,f383e414a13836bc3e84508b5c5544ad6a3240da,True,2644.236116756918
outputs/students-msd/sparknet_msd_a13_relu-seed2,students-msd,sparknet_msd_a13_relu,2,completed,200,4134,0.939482564679415,,0.9443165506594805,0.9388076490438695,sparknet,True,configs/model/sparknet_msd_a13_relu.yaml,True,configs/train/sparknet_narrow_paper_fast_io.yaml,c10f2760eabb037f6dd3be8959f20ecd89e631e79680adf64021e82b20709a00,configs/data/speech_commands_v2_mfcc32_paper.yaml,f383e414a13836bc3e84508b5c5544ad6a3240da,True,2673.4715680121444
outputs/students-msd/sparknet_msd_a_1scale-seed0,students-msd,sparknet_msd_a_1scale,0,completed,200,4114,0.937007874015748,,0.9471061398044579,0.933408323959505,sparknet,True,configs/model/sparknet_msd_a_1scale.yaml,True,configs/train/sparknet_narrow_paper_fast_io.yaml,c10f2760eabb037f6dd3be8959f20ecd89e631e79680adf64021e82b20709a00,configs/data/speech_commands_v2_mfcc32_paper.yaml,f383e414a13836bc3e84508b5c5544ad6a3240da,True,2573.1008928318042
outputs/students-msd/sparknet_msd_a_1scale-seed1,students-msd,sparknet_msd_a_1scale,1,completed,200,4114,0.9336332958380202,,0.9381686211846275,0.9313835770528683,sparknet,True,configs/model/sparknet_msd_a_1scale.yaml,True,configs/train/sparknet_narrow_paper_fast_io.yaml,c10f2760eabb037f6dd3be8959f20ecd89e631e79680adf64021e82b20709a00,configs/data/speech_commands_v2_mfcc32_paper.yaml,f383e414a13836bc3e84508b5c5544ad6a3240da,True,2575.754782461794
outputs/students-msd/sparknet_msd_a_1scale-seed2,students-msd,sparknet_msd_a_1scale,2,completed,200,4114,0.9361079865016873,,0.9449123852341359,0.9361079865016873,sparknet,True,configs/model/sparknet_msd_a_1scale.yaml,True,configs/train/sparknet_narrow_paper_fast_io.yaml,c10f2760eabb037f6dd3be8959f20ecd89e631e79680adf64021e82b20709a00,configs/data/speech_commands_v2_mfcc32_paper.yaml,f383e414a13836bc3e84508b5c5544ad6a3240da,True,2606.1278330433415
outputs/students-msd/sparknet_msd_a_dense-seed0,students-msd,sparknet_msd_a_dense,0,completed,200,4101,0.9304836895388077,,0.9351894483113506,0.9291338582677166,sparknet,False,configs/model/sparknet_msd_a_dense.yaml,True,configs/train/sparknet_narrow_paper_fast_io.yaml,c10f2760eabb037f6dd3be8959f20ecd89e631e79680adf64021e82b20709a00,configs/data/speech_commands_v2_mfcc32_paper.yaml,f383e414a13836bc3e84508b5c5544ad6a3240da,True,2419.552420049091
outputs/students-msd/sparknet_msd_a_dense-seed1,students-msd,sparknet_msd_a_dense,1,completed,200,4101,0.9277840269966254,,0.9352436150908647,0.9257592800899888,sparknet,False,configs/model/sparknet_msd_a_dense.yaml,True,configs/train/sparknet_narrow_paper_fast_io.yaml,c10f2760eabb037f6dd3be8959f20ecd89e631e79680adf64021e82b20709a00,configs/data/speech_commands_v2_mfcc32_paper.yaml,f383e414a13836bc3e84508b5c5544ad6a3240da,True,2413.568535541417
outputs/students-msd/sparknet_msd_a_dense-seed2,students-msd,sparknet_msd_a_dense,2,completed,200,4101,0.9349831271091114,,0.93445819678791,0.9349831271091114,sparknet,False,configs/model/sparknet_msd_a_dense.yaml,True,configs/train/sparknet_narrow_paper_fast_io.yaml,c10f2760eabb037f6dd3be8959f20ecd89e631e79680adf64021e82b20709a00,configs/data/speech_commands_v2_mfcc32_paper.yaml,f383e414a13836bc3e84508b5c5544ad6a3240da,True,2393.6248411634006
outputs/students-msd/sparknet_msd_a_lin-seed0,students-msd,sparknet_msd_a_lin,0,completed,200,4116,0.889763779527559,,0.8935081114752322,0.8886389201349831,sparknet,True,configs/model/sparknet_msd_a_lin.yaml,True,configs/train/sparknet_narrow_paper_fast_io.yaml,c10f2760eabb037f6dd3be8959f20ecd89e631e79680adf64021e82b20709a00,configs/data/speech_commands_v2_mfcc32_paper.yaml,f383e414a13836bc3e84508b5c5544ad6a3240da,True,2797.301984177786
outputs/students-msd/sparknet_msd_a_lin-seed1,students-msd,sparknet_msd_a_lin,1,completed,200,4116,0.8996625421822272,,0.8957831162148254,0.8994375703037121,sparknet,True,configs/model/sparknet_msd_a_lin.yaml,True,configs/train/sparknet_narrow_paper_fast_io.yaml,c10f2760eabb037f6dd3be8959f20ecd89e631e79680adf64021e82b20709a00,configs/data/speech_commands_v2_mfcc32_paper.yaml,f383e414a13836bc3e84508b5c5544ad6a3240da,True,2739.4857524683466
outputs/students-msd/sparknet_msd_a_lin-seed2,students-msd,sparknet_msd_a_lin,2,completed,200,4116,0.8951631046119235,,0.8997372911193565,0.8942632170978627,sparknet,True,configs/model/sparknet_msd_a_lin.yaml,True,configs/train/sparknet_narrow_paper_fast_io.yaml,c10f2760eabb037f6dd3be8959f20ecd89e631e79680adf64021e82b20709a00,configs/data/speech_commands_v2_mfcc32_paper.yaml,f383e414a13836bc3e84508b5c5544ad6a3240da,True,2714.040627242299
outputs/students-msd/sparknet_msd_a_relu-seed0,students-msd,sparknet_msd_a_relu,0,completed,200,4116,0.9068616422947131,,0.9059393873737237,0.9034870641169854,sparknet,True,configs/model/sparknet_msd_a_relu.yaml,True,configs/train/sparknet_narrow_paper_fast_io.yaml,c10f2760eabb037f6dd3be8959f20ecd89e631e79680adf64021e82b20709a00,configs/data/speech_commands_v2_mfcc32_paper.yaml,f383e414a13836bc3e84508b5c5544ad6a3240da,True,2777.5455993716605
outputs/students-msd/sparknet_msd_a_relu-seed1,students-msd,sparknet_msd_a_relu,1,completed,200,4116,0.9052868391451069,,0.9118164829510061,0.9039370078740158,sparknet,True,configs/model/sparknet_msd_a_relu.yaml,True,configs/train/sparknet_narrow_paper_fast_io.yaml,c10f2760eabb037f6dd3be8959f20ecd89e631e79680adf64021e82b20709a00,configs/data/speech_commands_v2_mfcc32_paper.yaml,f383e414a13836bc3e84508b5c5544ad6a3240da,True,2731.5267045029905
outputs/students-msd/sparknet_msd_a_relu-seed2,students-msd,sparknet_msd_a_relu,2,completed,200,4116,0.9097862767154106,,0.9134956531159439,0.9086614173228347,sparknet,True,configs/model/sparknet_msd_a_relu.yaml,True,configs/train/sparknet_narrow_paper_fast_io.yaml,c10f2760eabb037f6dd3be8959f20ecd89e631e79680adf64021e82b20709a00,configs/data/speech_commands_v2_mfcc32_paper.yaml,f383e414a13836bc3e84508b5c5544ad6a3240da,True,2705.554793249932
outputs/students-msd/sparknet_msd_b_dense-seed0,students-msd,sparknet_msd_b_dense,0,completed,200,1999,0.8800899887514061,,0.8687538932372776,0.8780652418447694,sparknet,False,configs/model/sparknet_msd_b_dense.yaml,True,configs/train/sparknet_narrow_paper_fast_io.yaml,c10f2760eabb037f6dd3be8959f20ecd89e631e79680adf64021e82b20709a00,configs/data/speech_commands_v2_mfcc32_paper.yaml,f383e414a13836bc3e84508b5c5544ad6a3240da,True,2171.916051041917
outputs/students-msd/sparknet_msd_b_dense-seed1,students-msd,sparknet_msd_b_dense,1,completed,200,1999,0.8782902137232846,,0.8724914010237521,0.8753655793025872,sparknet,False,configs/model/sparknet_msd_b_dense.yaml,True,configs/train/sparknet_narrow_paper_fast_io.yaml,c10f2760eabb037f6dd3be8959f20ecd89e631e79680adf64021e82b20709a00,configs/data/speech_commands_v2_mfcc32_paper.yaml,f383e414a13836bc3e84508b5c5544ad6a3240da,True,2164.723503499292
outputs/students-msd/sparknet_msd_b_dense-seed2,students-msd,sparknet_msd_b_dense,2,completed,200,1999,0.8830146231721034,,0.8738997372911194,0.881214848143982,sparknet,False,configs/model/sparknet_msd_b_dense.yaml,True,configs/train/sparknet_narrow_paper_fast_io.yaml,c10f2760eabb037f6dd3be8959f20ecd89e631e79680adf64021e82b20709a00,configs/data/speech_commands_v2_mfcc32_paper.yaml,f383e414a13836bc3e84508b5c5544ad6a3240da,True,1640.89883612236
outputs/students-msd/sparknet_msd_b_lin-seed0,students-msd,sparknet_msd_b_lin,0,completed,200,1999,0.872665916760405,,0.8577309536061534,0.8688413948256468,sparknet,True,configs/model/sparknet_msd_b_lin.yaml,True,configs/train/sparknet_narrow_paper_fast_io.yaml,c10f2760eabb037f6dd3be8959f20ecd89e631e79680adf64021e82b20709a00,configs/data/speech_commands_v2_mfcc32_paper.yaml,f383e414a13836bc3e84508b5c5544ad6a3240da,True,2180.037915573106
outputs/students-msd/sparknet_msd_b_lin-seed1,students-msd,sparknet_msd_b_lin,1,completed,200,1999,0.8546681664791901,,0.8380413292527693,0.8506186726659167,sparknet,True,configs/model/sparknet_msd_b_lin.yaml,True,configs/train/sparknet_narrow_paper_fast_io.yaml,c10f2760eabb037f6dd3be8959f20ecd89e631e79680adf64021e82b20709a00,configs/data/speech_commands_v2_mfcc32_paper.yaml,f383e414a13836bc3e84508b5c5544ad6a3240da,True,2169.426021779771
outputs/students-msd/sparknet_msd_b_lin-seed2,students-msd,sparknet_msd_b_lin,2,completed,200,1999,0.8778402699662542,,0.8665872220567126,0.8764904386951631,sparknet,True,configs/model/sparknet_msd_b_lin.yaml,True,configs/train/sparknet_narrow_paper_fast_io.yaml,c10f2760eabb037f6dd3be8959f20ecd89e631e79680adf64021e82b20709a00,configs/data/speech_commands_v2_mfcc32_paper.yaml,f383e414a13836bc3e84508b5c5544ad6a3240da,True,1930.876517576049
outputs/students-msd/sparknet_msd_b_relu-seed0,students-msd,sparknet_msd_b_relu,0,completed,200,1999,0.8834645669291339,,0.8709205644178425,0.8825646794150731,sparknet,True,configs/model/sparknet_msd_b_relu.yaml,True,configs/train/sparknet_narrow_paper_fast_io.yaml,c10f2760eabb037f6dd3be8959f20ecd89e631e79680adf64021e82b20709a00,configs/data/speech_commands_v2_mfcc32_paper.yaml,f383e414a13836bc3e84508b5c5544ad6a3240da,True,2161.1949187096907
outputs/students-msd/sparknet_msd_b_relu-seed1,students-msd,sparknet_msd_b_relu,1,completed,200,1999,0.8776152980877391,,0.8659372207025431,0.8773903262092239,sparknet,True,configs/model/sparknet_msd_b_relu.yaml,True,configs/train/sparknet_narrow_paper_fast_io.yaml,c10f2760eabb037f6dd3be8959f20ecd89e631e79680adf64021e82b20709a00,configs/data/speech_commands_v2_mfcc32_paper.yaml,f383e414a13836bc3e84508b5c5544ad6a3240da,True,2164.172899917816
outputs/students-msd/sparknet_msd_b_relu-seed2,students-msd,sparknet_msd_b_relu,2,completed,200,1999,0.8737907761529808,,0.8670205562928256,0.8699662542182227,sparknet,True,configs/model/sparknet_msd_b_relu.yaml,True,configs/train/sparknet_narrow_paper_fast_io.yaml,c10f2760eabb037f6dd3be8959f20ecd89e631e79680adf64021e82b20709a00,configs/data/speech_commands_v2_mfcc32_paper.yaml,f383e414a13836bc3e84508b5c5544ad6a3240da,True,2166.63584304112
