group,model,n,seeds,statuses,params,native_dendrites,train_config,val_mean_pct,val_sd_pct,train_final_mean_pct,seconds_mean
students-dnn,dnn_h16,5,"0,1,2,3,4",completed,13532,False,configs/train/light.yaml,69.18335208098988,0.6379847079032221,70.59664707634808,2107.8349946163244
students-dnn,dnn_h16_d2f32,5,"0,1,2,3,4",completed,15052,True,configs/train/light.yaml,71.46456692913385,0.30993907940237175,73.53302819380873,2097.8668570062728
students-dnn,dnn_h16_d2f32lin,5,"0,1,2,3,4",completed,15052,True,configs/train/light.yaml,70.12373453318335,0.6487230981010639,71.20927335265281,2333.5283919759095
students-dnn,dnn_h16_d4f32,5,"0,1,2,3,4",completed,16572,True,configs/train/light.yaml,73.96625421822273,0.8318485416161283,76.14332529859438,2115.1756898242397
students-dnn,dnn_h16_d4f32head,5,"0,1,2,3,4",completed,14396,True,configs/train/light.yaml,71.79302587176603,0.8027430415977431,73.93169569103269,2353.108914661221
students-dnn,dnn_h16_d4f32hid,5,"0,1,2,3,4",completed,15708,True,configs/train/light.yaml,71.48256467941506,0.439876118045635,73.20044416759201,2335.064407699648
students-dnn,dnn_h16_d4f32lin,5,"0,1,2,3,4",completed,16572,True,configs/train/light.yaml,69.49381327334083,1.027877777418279,71.15239823416299,2353.937192191649
students-dnn,dnn_h16_d4f32rnd,5,"0,1,2,3,4",completed,16572,True,configs/train/light.yaml,73.15635545556806,0.41768499743799636,75.38228204642093,2319.388277078443
students-dnn,dnn_h16x112,5,"0,1,2,3,4",completed,16588,False,configs/train/light.yaml,76.10348706411699,0.2977798354605076,78.52720526501096,2311.242331607803
students-dnn,dnn_h16x59,5,"0,1,2,3,4",completed,15051,False,configs/train/light.yaml,74.34870641169854,0.5957296123343498,76.74186821222544,2308.2169332335006
students-dnn,dnn_h16x59_hd2,5,"0,1,2,3,4",completed,15867,True,configs/train/light.yaml,74.70416197975253,0.5096991001047252,77.31386940389459,2291.9735046853543
students-dnn,dnn_h16x59_hd4,5,"0,1,2,3,4",completed,16683,True,configs/train/light.yaml,75.36557930258718,0.6416630234848872,77.89128727351515,2309.3671423867577
students-dnn,dnn_h16x59x21,5,"0,1,2,3,4",completed,15855,False,configs/train/light.yaml,75.43757030371204,0.4674328809695435,77.54570322021505,2308.9528677828143
students-dnn,dnn_h16x59x32,5,"0,1,2,3,4",completed,16647,False,configs/train/light.yaml,75.64004499437571,0.48287791271402897,78.10145437802996,2307.7019171351335
students-dnn,dnn_h16x87,5,"0,1,2,3,4",completed,15863,False,configs/train/light.yaml,75.69853768278965,0.3809272848374603,78.036454242613,2305.8468806155956
students-dnn,dnn_h18,5,"0,1,2,3,4",completed,15222,False,configs/train/light.yaml,70.03824521934757,0.41342217267122094,71.9367332015275,2104.371913451527
students-dnn,dnn_h20,5,"0,1,2,3,4",completed,16912,False,configs/train/light.yaml,71.59955005624296,0.8829393905173774,73.7020285458928,2114.746760343912
students-dnn,dnn_h24,5,"0,1,2,3,4",completed,20292,False,configs/train/light.yaml,74.23172103487065,0.4986566519165156,76.05990845814262,2115.828800314339
students-dnn,dnn_h32,5,"0,1,2,3,4",completed,27052,False,configs/train/light.yaml,77.15635545556805,0.6538907401425409,79.69720770251605,2110.532489172707
students-dnn,dnn_h32_d2f32,5,"0,1,2,3,4",completed,30044,True,configs/train/light.yaml,78.78515185601799,0.40837198786661916,82.00904585217886,2113.4040301017694
students-dnn,dnn_h35,5,"0,1,2,3,4",completed,29587,False,configs/train/light.yaml,77.75478065241845,0.6239472464683454,80.6830430896731,2112.5764980632
students-dnn,dnn_h48,5,"0,1,2,3,4",completed,40572,False,configs/train/light.yaml,80.1169853768279,0.6259718713181699,83.86371638274247,2110.758573883213
students-dscnn,ds_cnn_w20_mfcc,3,"0,1,2",completed,2112,False,configs/train/sparknet_narrow_paper_fast_io.yaml,91.33858267716536,0.35357106064121474,87.19677888217822,2829.84229762468
students-dscnn,ds_cnn_w20d1f4_mfcc,3,"0,1,2",completed,2352,True,configs/train/sparknet_narrow_paper_fast_io.yaml,91.21859767529058,0.05661668117939103,87.0008756962688,4520.456487877469
students-dscnn,ds_cnn_w20d2f4_mfcc,3,"0,1,2",completed,2592,True,configs/train/sparknet_narrow_paper_fast_io.yaml,91.0761154855643,0.6300551574441647,87.13358430607842,6550.316941642202
students-dscnn,ds_cnn_w24_mfcc,3,"0,1,2",completed,2724,False,configs/train/sparknet_narrow_paper_fast_io.yaml,92.26846644169478,0.3054429974415664,89.54671433343263,3145.571084633217
students-dscnn,ds_cnn_w24d2f4_mfcc,3,"0,1,2",completed,3300,True,configs/train/sparknet_narrow_paper_fast_io.yaml,92.77090363704536,0.33165870847387224,89.69477019743792,7460.707811083295
students-dscnn,ds_cnn_w24fcd4f8_mfcc,3,"0,1,2",completed,3204,True,configs/train/sparknet_narrow_paper_fast_io.yaml,92.31346081739783,0.5936586871545495,89.93129846798293,3306.29332936138
students-dscnn,ds_cnn_w28_mfcc,3,"0,1,2",completed,3400,False,configs/train/sparknet_narrow_paper_fast_io.yaml,93.01837270341207,0.16274866452351058,90.94602280421418,3357.6564416677575
students-dscnn,ds_cnn_w32_mfcc,3,"0,1,2",completed,4140,False,configs/train/sparknet_narrow_paper_fast_io.yaml,93.44581927259092,0.33165870847388024,92.07449737742509,3457.085065721088
students-dtnet,dtnet_a_het,3,"0,1,2",completed,4160,True,configs/train/light.yaml,89.0363704536933,0.7150897871310943,89.58011718079969,2466.787055788251
students-dtnet,dtnet_a_lin,3,"0,1,2",completed,4160,True,configs/train/light.yaml,87.45406824146981,0.6765384813661208,87.44052938999178,2565.902057680534
students-dtnet,dtnet_a_mfcc,3,"0,1,2",completed,4160,True,configs/train/light.yaml,79.76752905886764,1.5433683022377964,82.8318392329984,2636.036989696324
students-dtnet,dtnet_a_notau,3,"0,1,2",completed,4167,True,configs/train/light.yaml,89.79377577802775,0.8062451438832101,89.81845101066183,2585.627233469975
students-dtnet,dtnet_a_point,3,"0,1,2",completed,4183,False,configs/train/light.yaml,89.79377577802775,0.24882879674596345,90.76998077079328,2570.365131223613
students-dtnet,dtnet_a_point3,3,"0,1,2",completed,4137,False,configs/train/light.yaml,91.42857142857143,0.26523793301578874,92.0943585299136,2602.698509094965
students-dtnet,dtnet_a_rnd,3,"0,1,2",completed,4160,True,configs/train/light.yaml,89.75628046494188,0.2892733636593355,90.45761900892849,2662.385972239892
students-dtnet,dtnet_a_shared,3,"0,1,2",completed,4176,True,configs/train/light.yaml,88.87139107611549,0.4467452870973104,88.9761575892172,2580.025718448955
students-dtnet,dtnet_b_het,3,"0,1,2",completed,2019,True,configs/train/light.yaml,86.32170978627671,0.7488556570120736,86.27955474907239,2553.433026455498
students-dtnet,dtnet_b_point,3,"0,1,2",completed,2029,False,configs/train/light.yaml,88.21897262842145,0.1818426044691755,87.65809928770685,2451.1791735175066
students-ei,ei_c10x20,1,0,completed,7842,False,configs/train/ei_conv1d_paper_fast_io.yaml,86.23172103487065,,80.75725157760746,2095.018216415716
students-ei,ei_c4x8,1,0,completed,3000,False,configs/train/ei_conv1d_paper_fast_io.yaml,68.57142857142857,,57.99637082577256,2196.6708426708938
students-ei,ei_c4x8_hd1f32,1,0,completed,3408,True,configs/train/ei_conv1d_paper_fast_io.yaml,65.6917885264342,,57.305744386967476,2217.432966203487
students-ei,ei_c4x8_hd2f32,1,0,completed,3816,True,configs/train/ei_conv1d_paper_fast_io.yaml,62.00224971878515,,54.68948893643528,2204.840120374225
students-ei,ei_c4x8_hd4f32,1,0,completed,4632,True,configs/train/ei_conv1d_paper_fast_io.yaml,65.98425196850394,,58.53262194296238,2210.554577623785
students-ei,ei_c5x10,1,0,completed,3777,False,configs/train/ei_conv1d_paper_fast_io.yaml,69.29133858267717,,59.93554153237819,2176.474291534396
students-ei,ei_c6x12,1,0,completed,4566,False,configs/train/ei_conv1d_paper_fast_io.yaml,78.94263217097863,,71.7791078731414,2196.073921126139
students-ei,ei_c7x14,1,0,completed,5367,False,configs/train/ei_conv1d_paper_fast_io.yaml,82.31721034870641,,75.97974162446171,2202.857454082172
students-ei,ei_c8x16,1,0,completed,6180,False,configs/train/ei_conv1d_paper_fast_io.yaml,82.1822272215973,,76.51057606370013,2201.3963811995927
students-ei,ei_c8x16_hd1f64,1,0,completed,6972,True,configs/train/ei_conv1d_paper_fast_io.yaml,83.80202474690664,,77.03599382498713,2197.966468091123
students-ei,ei_c8x16_hd2f64,1,0,completed,7764,True,configs/train/ei_conv1d_paper_fast_io.yaml,83.30708661417323,,77.77266202637922,2117.400394540222
students-ei,ei_c9x18,1,0,completed,7005,False,configs/train/ei_conv1d_paper_fast_io.yaml,84.88188976377953,,79.56558242829672,2198.3946105840732
students-ei-adamw,ei_c10x20,1,0,completed,7842,False,configs/train/light.yaml,85.84926884139482,,79.16745659886791,2018.2593026175746
students-ei-adamw,ei_c4x8,1,0,completed,3000,False,configs/train/light.yaml,65.6917885264342,,61.2517942745714,1624.4224331607693
students-ei-adamw,ei_c4x8_hd2f32,1,0,completed,3816,True,configs/train/light.yaml,64.34195725534309,,59.61054085529345,2351.1760211927467
students-ei-adamw,ei_c8x16,1,0,completed,6180,False,configs/train/light.yaml,81.25984251968504,,75.66015762532838,2176.175519758137
students-ei-adamw,ei_c8x16_hd2f64,1,0,completed,7764,True,configs/train/light.yaml,83.5095613048369,,76.55120114833572,2061.8822626189794
students-msd,sparknet_msd_a13_dense,3,"0,1,2",completed,4189,False,configs/train/sparknet_narrow_paper_fast_io.yaml,93.96325459317585,0.7794336798549487,94.85505872581679,2150.12228351164
students-msd,sparknet_msd_a13_lin,3,"0,1,2",completed,4134,True,configs/train/sparknet_narrow_paper_fast_io.yaml,93.50581177352831,0.3516572654726157,93.81144544051133,2229.2921189862536
students-msd,sparknet_msd_a13_relu,3,"0,1,2",completed,4134,True,configs/train/sparknet_narrow_paper_fast_io.yaml,94.03074615673042,0.14287633208293055,94.36575215087254,2654.8867378967893
students-msd,sparknet_msd_a_1scale,3,"0,1,2",completed,4114,True,configs/train/sparknet_narrow_paper_fast_io.yaml,93.55830521184852,0.17474585973349674,94.33957154077405,2584.99450277898
students-msd,sparknet_msd_a_dense,3,"0,1,2",completed,4101,False,configs/train/sparknet_narrow_paper_fast_io.yaml,93.10836145481815,0.3636852089383434,93.49637533967085,2408.915265584636
students-msd,sparknet_msd_a_lin,3,"0,1,2",completed,4116,True,configs/train/sparknet_narrow_paper_fast_io.yaml,89.48631421072365,0.4956193968311466,89.63428396031381,2750.2761212961436
students-msd,sparknet_msd_a_relu,3,"0,1,2",completed,4116,True,configs/train/sparknet_narrow_paper_fast_io.yaml,90.73115860517436,0.22832152002457107,91.04171744802245,2738.209032374861
students-msd,sparknet_msd_b_dense,3,"0,1,2",completed,1999,False,configs/train/sparknet_narrow_paper_fast_io.yaml,88.04649418822648,0.23844189119735915,87.1715010517383,1992.5127968878562
students-msd,sparknet_msd_b_lin,3,"0,1,2",completed,1999,True,configs/train/sparknet_narrow_paper_fast_io.yaml,86.83914510686164,1.216305421004569,85.41198349718785,2093.446818309642
students-msd,sparknet_msd_b_relu,3,"0,1,2",completed,1999,True,configs/train/sparknet_narrow_paper_fast_io.yaml,87.82902137232847,0.4872082750890405,86.79594471377371,2164.001220556209
