comparison,metric,n,seeds,delta_mean_pp,delta_sd_pp,ci95_low_pp,ci95_high_pp,wins,ties,paired_deltas_pp,arm_spec,control_spec,arm_params,control_params,arm_macs_proxy,control_macs_proxy
pb-all-max1-tanh-sw25-c4x8 vs same base,val_accuracy,5,"0,1,2,3,4",5.457817772778402,0.46775759992566446,4.877020001064043,6.03861554449276,5,0,"5.129359,5.736783,4.971879,5.331834,6.119235","[""pai-faithful"", ""pb-all-max1-tanh-sw25-c4x8"", 1, ""tracked""]","[""pai-faithful"", ""none-c4x8"", 1, ""tracked""]",20688,10332,328256,160068
pb-all-max1-tanh-sw25-c4x8 vs same base,test_accuracy,5,"0,1,2,3,4",4.834355828220858,0.9555377479217151,3.6478990077008175,6.020812648740898,5,0,"3.885481,5.276074,5.705521,3.721881,5.582822","[""pai-faithful"", ""pb-all-max1-tanh-sw25-c4x8"", 1, ""tracked""]","[""pai-faithful"", ""none-c4x8"", 1, ""tracked""]",20688,10332,328256,160068
pb-all-max1-tanh-sw25-c4x8 vs width,val_accuracy,5,"0,1,2,3,4",-6.2452193475815525,1.2507303442224882,-7.798206187464851,-4.692232507698254,0,0,"-6.231721,-4.544432,-5.556805,-7.401575,-7.491564","[""pai-faithful"", ""pb-all-max1-tanh-sw25-c4x8"", 1, ""tracked""]","[""pai-faithful"", ""none-c8x16"", 1, ""tracked""]",20688,21228,328256,525768
pb-all-max1-tanh-sw25-c4x8 vs width,test_accuracy,5,"0,1,2,3,4",-7.2024539877300615,2.0089565718511726,-9.696903036954499,-4.708004938505624,0,0,"-7.914110,-4.907975,-5.460123,-9.815951,-7.914110","[""pai-faithful"", ""pb-all-max1-tanh-sw25-c4x8"", 1, ""tracked""]","[""pai-faithful"", ""none-c8x16"", 1, ""tracked""]",20688,21228,328256,525768
gd-all-max1-tanh-sw25-c4x8 vs same base,val_accuracy,5,"0,1,2,3,4",4.521934758155233,2.2627295317309617,1.7123849609302026,7.331484555380262,5,0,"2.159730,4.926884,4.724409,7.964004,2.834646","[""pai-faithful"", ""gd-all-max1-tanh-sw25-c4x8"", 1, ""tracked""]","[""pai-faithful"", ""none-c4x8"", 1, ""tracked""]",20688,10332,328256,160068
gd-all-max1-tanh-sw25-c4x8 vs same base,test_accuracy,5,"0,1,2,3,4",4.850715746421268,1.8839117987380978,2.5115302901350174,7.189901202707519,5,0,"2.269939,5.132924,5.398773,7.402863,4.049080","[""pai-faithful"", ""gd-all-max1-tanh-sw25-c4x8"", 1, ""tracked""]","[""pai-faithful"", ""none-c4x8"", 1, ""tracked""]",20688,10332,328256,160068
gd-all-max1-tanh-sw25-c4x8 vs width,val_accuracy,5,"0,1,2,3,4",-7.1811023622047205,2.648340440471855,-10.469451342128336,-3.892753382281106,0,0,"-9.201350,-5.354331,-5.804274,-4.769404,-10.776153","[""pai-faithful"", ""gd-all-max1-tanh-sw25-c4x8"", 1, ""tracked""]","[""pai-faithful"", ""none-c8x16"", 1, ""tracked""]",20688,21228,328256,525768
gd-all-max1-tanh-sw25-c4x8 vs width,test_accuracy,5,"0,1,2,3,4",-7.186094069529652,2.138046345256335,-9.840829242927688,-4.531358896131616,0,0,"-9.529652,-5.051125,-5.766871,-6.134969,-9.447853","[""pai-faithful"", ""gd-all-max1-tanh-sw25-c4x8"", 1, ""tracked""]","[""pai-faithful"", ""none-c8x16"", 1, ""tracked""]",20688,21228,328256,525768
pb-all-max1-relu-sw25-c4x8 vs same base,val_accuracy,5,"0,1,2,3,4",1.6062992125984255,1.7420872855722673,-0.5567878516268978,3.7693862768237487,4,1,"1.372328,4.521935,1.529809,0.000000,0.607424","[""pai-faithful"", ""pb-all-max1-relu-sw25-c4x8"", 1, ""tracked""]","[""pai-faithful"", ""none-c4x8"", 1, ""tracked""]","10332,20688",10332,"160068,328256",160068
pb-all-max1-relu-sw25-c4x8 vs same base,test_accuracy,5,"0,1,2,3,4",1.8404907975460127,2.136206929603371,-0.8119604396580042,4.49294203475003,4,1,"1.370143,5.501022,1.574642,0.000000,0.756646","[""pai-faithful"", ""pb-all-max1-relu-sw25-c4x8"", 1, ""tracked""]","[""pai-faithful"", ""none-c4x8"", 1, ""tracked""]","10332,20688",10332,"160068,328256",160068
pb-all-max1-relu-sw25-c4x8 vs width,val_accuracy,5,"0,1,2,3,4",-10.096737907761527,2.976200248574928,-13.792178607865047,-6.401297207658008,0,0,"-9.988751,-5.759280,-8.998875,-12.733408,-13.003375","[""pai-faithful"", ""pb-all-max1-relu-sw25-c4x8"", 1, ""tracked""]","[""pai-faithful"", ""none-c8x16"", 1, ""tracked""]","10332,20688",21228,"160068,328256",525768
pb-all-max1-relu-sw25-c4x8 vs width,test_accuracy,5,"0,1,2,3,4",-10.196319018404907,3.4804680631874416,-14.517890909366171,-5.8747471274436425,0,0,"-10.429448,-4.683027,-9.591002,-13.537832,-12.740286","[""pai-faithful"", ""pb-all-max1-relu-sw25-c4x8"", 1, ""tracked""]","[""pai-faithful"", ""none-c8x16"", 1, ""tracked""]","10332,20688",21228,"160068,328256",525768
PB vs GD low width,val_accuracy,5,"0,1,2,3,4",0.9358830146231689,2.391303975235167,-2.0333130401902433,3.905079069436581,4,0,"2.969629,0.809899,0.247469,-2.632171,3.284589","[""pai-faithful"", ""pb-all-max1-tanh-sw25-c4x8"", 1, ""tracked""]","[""pai-faithful"", ""gd-all-max1-tanh-sw25-c4x8"", 1, ""tracked""]",20688,20688,328256,328256
PB vs GD low width,test_accuracy,5,"0,1,2,3,4",-0.016359918200410384,2.1578470085588712,-2.6956808623617796,2.662961025960959,4,0,"1.615542,0.143149,0.306748,-3.680982,1.533742","[""pai-faithful"", ""pb-all-max1-tanh-sw25-c4x8"", 1, ""tracked""]","[""pai-faithful"", ""gd-all-max1-tanh-sw25-c4x8"", 1, ""tracked""]",20688,20688,328256,328256
main PB c8x16 vs none-c8x16,val_accuracy,5,"0,1,2,3,4",2.6186726659167636,0.43987611804563004,2.0724943264694415,3.1648510053640857,5,0,"3.037120,2.339708,2.047244,2.609674,3.059618","[""pai-faithful"", ""pb-all-max1-tanh-sw25-c8x16"", 1, ""tracked""]","[""pai-faithful"", ""none-c8x16"", 1, ""tracked""]",42492,21228,1067764,525768
main PB c8x16 vs none-c8x16,test_accuracy,5,"0,1,2,3,4",2.936605316973415,0.7581094567647495,1.9952880978100644,3.877922536136766,5,0,"3.885481,3.271984,2.433538,1.942740,3.149284","[""pai-faithful"", ""pb-all-max1-tanh-sw25-c8x16"", 1, ""tracked""]","[""pai-faithful"", ""none-c8x16"", 1, ""tracked""]",42492,21228,1067764,525768
main PB c8x16 vs none-r25-c8x16,val_accuracy,5,"0,1,2,3,4",2.312710911136109,0.7699167473100506,1.3567330043863144,3.268688817885903,5,0,"3.127109,1.439820,1.732283,2.182227,3.082115","[""pai-faithful"", ""pb-all-max1-tanh-sw25-c8x16"", 1, ""tracked""]","[""pai-faithful"", ""none-r25-c8x16"", 1, ""tracked""]",42492,21228,1067764,525768
main PB c8x16 vs none-r25-c8x16,test_accuracy,5,"0,1,2,3,4",1.4723926380368102,1.1225112614816672,0.07861081707562456,2.866174458997996,4,0,"2.433538,-0.224949,1.697342,1.002045,2.453988","[""pai-faithful"", ""pb-all-max1-tanh-sw25-c8x16"", 1, ""tracked""]","[""pai-faithful"", ""none-r25-c8x16"", 1, ""tracked""]",42492,21228,1067764,525768
main PB c8x16 vs none-c16x32,val_accuracy,5,"0,1,2,3,4",1.2013498312710902,1.080052477167137,-0.1397124457992025,2.5424121083413826,5,0,"0.562430,0.112486,2.857143,1.642295,0.832396","[""pai-faithful"", ""pb-all-max1-tanh-sw25-c8x16"", 1, ""tracked""]","[""pai-faithful"", ""none-c16x32"", 1, ""tracked""]",42492,44748,1067764,1874064
main PB c8x16 vs none-c16x32,test_accuracy,5,"0,1,2,3,4",0.2822085889570536,0.4295452221878504,-0.2511422490344608,0.815559426948568,4,0,"0.286299,0.122699,0.736196,0.613497,-0.347648","[""pai-faithful"", ""pb-all-max1-tanh-sw25-c8x16"", 1, ""tracked""]","[""pai-faithful"", ""none-c16x32"", 1, ""tracked""]",42492,44748,1067764,1874064
main PB c8x16 vs none-r25-c16x32,val_accuracy,5,"0,1,2,3,4",1.0798650168728918,0.3986511844020164,0.5848741933592247,1.574855840386559,5,0,"0.719910,1.439820,1.574803,0.764904,0.899888","[""pai-faithful"", ""pb-all-max1-tanh-sw25-c8x16"", 1, ""tracked""]","[""pai-faithful"", ""none-r25-c16x32"", 1, ""tracked""]",42492,44748,1067764,1874064
main PB c8x16 vs none-r25-c16x32,test_accuracy,5,"0,1,2,3,4",0.09406952965235194,0.9307062780956102,-1.0615549487621063,1.2496940080668102,3,0,"1.042945,0.613497,0.593047,-0.654397,-1.124744","[""pai-faithful"", ""pb-all-max1-tanh-sw25-c8x16"", 1, ""tracked""]","[""pai-faithful"", ""none-r25-c16x32"", 1, ""tracked""]",42492,44748,1067764,1874064
main linear max3 vs none-c8x16,val_accuracy,5,"0,1,2,3,4",2.011248593925763,0.5092023656527379,1.378990348694067,2.643506839157459,5,0,"1.867267,1.372328,1.979753,2.047244,2.789651","[""pai-faithful"", ""pb-linear-max3-tanh-sw25-c8x16"", 1, ""tracked""]","[""pai-faithful"", ""none-c8x16"", 1, ""tracked""]","41220,61248,81300",21228,",545748",525768
main linear max3 vs none-c8x16,test_accuracy,5,"0,1,2,3,4",2.3026584867075672,0.5708782262640243,1.5938195457965425,3.011497427618592,5,0,"2.249489,1.738241,2.638037,1.799591,3.087935","[""pai-faithful"", ""pb-linear-max3-tanh-sw25-c8x16"", 1, ""tracked""]","[""pai-faithful"", ""none-c8x16"", 1, ""tracked""]","41220,61248,81300",21228,",545748",525768
main linear max3 vs none-r25-c8x16,val_accuracy,5,"0,1,2,3,4",1.7052868391451081,0.8392687418157165,0.6631970576139348,2.7473766206762815,5,0,"1.957255,0.472441,1.664792,1.619798,2.812148","[""pai-faithful"", ""pb-linear-max3-tanh-sw25-c8x16"", 1, ""tracked""]","[""pai-faithful"", ""none-r25-c8x16"", 1, ""tracked""]","41220,61248,81300",21228,",545748",525768
main linear max3 vs none-r25-c8x16,test_accuracy,5,"0,1,2,3,4",0.8384458077709622,1.6041768449432738,-1.153402827348786,2.83029444289071,4,0,"0.797546,-1.758691,1.901840,0.858896,2.392638","[""pai-faithful"", ""pb-linear-max3-tanh-sw25-c8x16"", 1, ""tracked""]","[""pai-faithful"", ""none-r25-c8x16"", 1, ""tracked""]","41220,61248,81300",21228,",545748",525768
main linear max3 vs none-c16x32,val_accuracy,5,"0,1,2,3,4",0.5939257592800895,1.4663438547382406,-1.2267806141371607,2.4146321326973395,3,0,"-0.607424,-0.854893,2.789651,1.079865,0.562430","[""pai-faithful"", ""pb-linear-max3-tanh-sw25-c8x16"", 1, ""tracked""]","[""pai-faithful"", ""none-c16x32"", 1, ""tracked""]","41220,61248,81300",44748,",545748",1874064
main linear max3 vs none-c16x32,test_accuracy,5,"0,1,2,3,4",-0.3517382413087944,1.0568264984847815,-1.6639616568261353,0.9604851742085465,2,0,"-1.349693,-1.411043,0.940695,0.470348,-0.408998","[""pai-faithful"", ""pb-linear-max3-tanh-sw25-c8x16"", 1, ""tracked""]","[""pai-faithful"", ""none-c16x32"", 1, ""tracked""]","41220,61248,81300",44748,",545748",1874064
main linear max3 vs none-c28x56,val_accuracy,5,"0,1,2,3,4",2.4926884139482586,2.5233682705170897,-0.6404871217649983,5.6258639496615155,5,0,"1.372328,0.314961,1.844769,6.839145,2.092238","[""pai-faithful"", ""pb-linear-max3-tanh-sw25-c8x16"", 1, ""tracked""]","[""pai-faithful"", ""none-c28x56"", 1, ""tracked""]","41220,61248,81300",84348,",545748",5438748
main linear max3 vs none-c28x56,test_accuracy,5,"0,1,2,3,4",1.926380368098164,3.4114695706488067,-2.3095185787474786,6.162279314943806,4,0,"0.981595,-0.961145,0.940695,7.852761,0.817996","[""pai-faithful"", ""pb-linear-max3-tanh-sw25-c8x16"", 1, ""tracked""]","[""pai-faithful"", ""none-c28x56"", 1, ""tracked""]","41220,61248,81300",84348,",545748",5438748
full tracked ReLU vs base,val_accuracy,5,"0,1,2,3,4",0.7019122609673811,0.921066851921121,-0.4417432890028614,1.8455678109376237,4,0,"2.069741,0.562430,0.607424,0.787402,-0.517435","[""pai-faithful-b21"", ""pb-all-max1-relu-sw25-c8x16"", 1, ""tracked""]","[""pai-faithful"", ""none-c8x16"", 1, ""tracked""]",42492,21228,1067764,525768
full tracked ReLU vs base,test_accuracy,5,"0,1,2,3,4",1.0756646216768906,0.835647982949178,0.03807060607647861,2.1132586372773026,5,0,"2.351738,0.736196,1.472393,0.368098,0.449898","[""pai-faithful-b21"", ""pb-all-max1-relu-sw25-c8x16"", 1, ""tracked""]","[""pai-faithful"", ""none-c8x16"", 1, ""tracked""]",42492,21228,1067764,525768
full detached ReLU vs detached base,val_accuracy,5,"0,1,2,3,4",-0.10348706411698272,1.0901971032791373,-1.4571455582057942,1.2501714299718287,3,0,"0.427447,-1.844769,-0.292463,0.134983,1.057368","[""pai-faithful-b21"", ""pb-all-max1-relu-sw25-c8x16"", 1, ""detached""]","[""pai-faithful-b21"", ""none-c8x16"", 1, ""detached""]","21228,42492",21228,"1067764,525768",525768
full detached ReLU vs detached base,test_accuracy,5,"0,1,2,3,4",-0.4948875255623708,2.065105563290537,-3.059054755992573,2.0692797048678315,2,0,"1.165644,-3.701431,-0.531697,-0.879346,1.472393","[""pai-faithful-b21"", ""pb-all-max1-relu-sw25-c8x16"", 1, ""detached""]","[""pai-faithful-b21"", ""none-c8x16"", 1, ""detached""]","21228,42492",21228,"1067764,525768",525768
full ReLU detached minus tracked,val_accuracy,5,"0,1,2,3,4",-0.42744656917885093,1.3687278735124584,-2.126946693058617,1.2720535547009149,2,0,"-1.597300,-1.754781,-0.674916,0.427447,1.462317","[""pai-faithful-b21"", ""pb-all-max1-relu-sw25-c8x16"", 1, ""detached""]","[""pai-faithful-b21"", ""pb-all-max1-relu-sw25-c8x16"", 1, ""tracked""]","21228,42492",42492,"1067764,525768",1067764
full ReLU detached minus tracked,test_accuracy,5,"0,1,2,3,4",-0.4539877300613471,1.0321021052327215,-1.7355117566001486,0.8275362964774544,1,0,"-0.531697,-1.758691,-0.695297,-0.408998,1.124744","[""pai-faithful-b21"", ""pb-all-max1-relu-sw25-c8x16"", 1, ""detached""]","[""pai-faithful-b21"", ""pb-all-max1-relu-sw25-c8x16"", 1, ""tracked""]","21228,42492",42492,"1067764,525768",1067764
20pct pb-all-max1-tanh-sw25-c8x16 vs none-c8x16,val_accuracy,5,"0,1,2,3,4",1.1833520809898768,0.4912429809298087,0.5733933571985502,1.7933108047812034,5,0,"1.754781,0.764904,1.664792,0.989876,0.742407","[""pai-faithful-b21"", ""pb-all-max1-tanh-sw25-c8x16"", 0.2, ""tracked""]","[""pai-faithful-b21"", ""none-c8x16"", 0.2, ""tracked""]",42492,21228,1067764,525768
20pct pb-all-max1-tanh-sw25-c8x16 vs none-c8x16,test_accuracy,5,"0,1,2,3,4",1.2188139059304692,0.40089102460624526,0.7210419534734795,1.716585858387459,5,0,"1.779141,1.349693,0.981595,1.267894,0.715746","[""pai-faithful-b21"", ""pb-all-max1-tanh-sw25-c8x16"", 0.2, ""tracked""]","[""pai-faithful-b21"", ""none-c8x16"", 0.2, ""tracked""]",42492,21228,1067764,525768
20pct pb-all-max1-tanh-sw25-c8x16 vs none-r25-c8x16,val_accuracy,5,"0,1,2,3,4",0.20247469066366763,0.9621329484968787,-0.9921711529714925,1.3971205342988278,3,0,"0.809899,0.629921,1.012373,-0.089989,-1.349831","[""pai-faithful-b21"", ""pb-all-max1-tanh-sw25-c8x16"", 0.2, ""tracked""]","[""pai-faithful-b21"", ""none-r25-c8x16"", 0.2, ""tracked""]",42492,21228,1067764,525768
20pct pb-all-max1-tanh-sw25-c8x16 vs none-r25-c8x16,test_accuracy,5,"0,1,2,3,4",0.0572597137014319,1.0152504096971757,-1.2033401691821748,1.3178595965850386,2,0,"0.674847,1.267894,-0.081800,-0.143149,-1.431493","[""pai-faithful-b21"", ""pb-all-max1-tanh-sw25-c8x16"", 0.2, ""tracked""]","[""pai-faithful-b21"", ""none-r25-c8x16"", 0.2, ""tracked""]",42492,21228,1067764,525768
20pct pb-all-max1-tanh-sw25-c8x16 vs none-c16x32,val_accuracy,5,"0,1,2,3,4",-0.6524184476940365,0.7186786431929496,-1.54477584522536,0.23993894983728692,1,0,"-0.247469,-0.472441,0.224972,-1.507312,-1.259843","[""pai-faithful-b21"", ""pb-all-max1-tanh-sw25-c8x16"", 0.2, ""tracked""]","[""pai-faithful-b21"", ""none-c16x32"", 0.2, ""tracked""]",42492,44748,1067764,1874064
20pct pb-all-max1-tanh-sw25-c8x16 vs none-c16x32,test_accuracy,5,"0,1,2,3,4",-0.8752556237218778,1.3613704440411536,-2.565620292307794,0.8151090448640381,1,0,"-0.327198,0.838446,-0.347648,-2.331288,-2.208589","[""pai-faithful-b21"", ""pb-all-max1-tanh-sw25-c8x16"", 0.2, ""tracked""]","[""pai-faithful-b21"", ""none-c16x32"", 0.2, ""tracked""]",42492,44748,1067764,1874064
20pct pb-all-max1-tanh-sw25-c8x16 vs none-r25-c16x32,val_accuracy,5,"0,1,2,3,4",-1.223847019122608,1.0952919428833614,-2.5838315921246124,0.13613755387939608,0,0,"-1.709786,-0.134983,-0.089989,-2.632171,-1.552306","[""pai-faithful-b21"", ""pb-all-max1-tanh-sw25-c8x16"", 0.2, ""tracked""]","[""pai-faithful-b21"", ""none-r25-c16x32"", 0.2, ""tracked""]",42492,44748,1067764,1874064
20pct pb-all-max1-tanh-sw25-c8x16 vs none-r25-c16x32,test_accuracy,5,"0,1,2,3,4",-1.3128834355828212,1.5206943279567378,-3.2010748348808713,0.5753079637152287,1,0,"-1.554192,1.002045,-1.124744,-3.231084,-1.656442","[""pai-faithful-b21"", ""pb-all-max1-tanh-sw25-c8x16"", 0.2, ""tracked""]","[""pai-faithful-b21"", ""none-r25-c16x32"", 0.2, ""tracked""]",42492,44748,1067764,1874064
20pct pb-all-max1-relu-sw25-c8x16 vs none-c8x16,val_accuracy,5,"0,1,2,3,4",1.750281214848144,0.7405984032734412,0.8307068403755884,2.6698555893206994,5,0,"1.394826,0.877390,1.462317,2.699663,2.317210","[""pai-faithful-b21"", ""pb-all-max1-relu-sw25-c8x16"", 0.2, ""tracked""]","[""pai-faithful-b21"", ""none-c8x16"", 0.2, ""tracked""]",42492,21228,1067764,525768
20pct pb-all-max1-relu-sw25-c8x16 vs none-c8x16,test_accuracy,5,"0,1,2,3,4",1.6646216768916156,0.7785209196204222,0.6979602791496825,2.6312830746335485,5,0,"2.024540,0.879346,1.226994,2.842536,1.349693","[""pai-faithful-b21"", ""pb-all-max1-relu-sw25-c8x16"", 0.2, ""tracked""]","[""pai-faithful-b21"", ""none-c8x16"", 0.2, ""tracked""]",42492,21228,1067764,525768
20pct pb-all-max1-relu-sw25-c8x16 vs none-r25-c8x16,val_accuracy,5,"0,1,2,3,4",0.7694038245219348,0.5300940913394196,0.1112050756447166,1.4276025733991529,5,0,"0.449944,0.742407,0.809899,1.619798,0.224972","[""pai-faithful-b21"", ""pb-all-max1-relu-sw25-c8x16"", 0.2, ""tracked""]","[""pai-faithful-b21"", ""none-r25-c8x16"", 0.2, ""tracked""]",42492,21228,1067764,525768
20pct pb-all-max1-relu-sw25-c8x16 vs none-r25-c8x16,test_accuracy,5,"0,1,2,3,4",0.5030674846625782,0.8557982906763407,-0.5595464425953987,1.565681411920555,4,0,"0.920245,0.797546,0.163599,1.431493,-0.797546","[""pai-faithful-b21"", ""pb-all-max1-relu-sw25-c8x16"", 0.2, ""tracked""]","[""pai-faithful-b21"", ""none-r25-c8x16"", 0.2, ""tracked""]",42492,21228,1067764,525768
20pct pb-all-max1-relu-sw25-c8x16 vs none-c16x32,val_accuracy,5,"0,1,2,3,4",-0.0854893138357693,0.3881661427882816,-0.5674612386579834,0.3964826109864447,3,0,"-0.607424,-0.359955,0.022497,0.202475,0.314961","[""pai-faithful-b21"", ""pb-all-max1-relu-sw25-c8x16"", 0.2, ""tracked""]","[""pai-faithful-b21"", ""none-c16x32"", 0.2, ""tracked""]",42492,44748,1067764,1874064
20pct pb-all-max1-relu-sw25-c8x16 vs none-c16x32,test_accuracy,5,"0,1,2,3,4",-0.4294478527607315,0.755401618292999,-1.367402846380756,0.5085071408592928,1,0,"-0.081800,0.368098,-0.102249,-0.756646,-1.574642","[""pai-faithful-b21"", ""pb-all-max1-relu-sw25-c8x16"", 0.2, ""tracked""]","[""pai-faithful-b21"", ""none-c16x32"", 0.2, ""tracked""]",42492,44748,1067764,1874064
20pct pb-all-max1-relu-sw25-c8x16 vs none-r25-c16x32,val_accuracy,5,"0,1,2,3,4",-0.6569178852643409,0.8751377157499064,-1.7435448803821427,0.4297091098534609,1,0,"-2.069741,-0.022497,-0.292463,-0.922385,0.022497","[""pai-faithful-b21"", ""pb-all-max1-relu-sw25-c8x16"", 0.2, ""tracked""]","[""pai-faithful-b21"", ""none-r25-c16x32"", 0.2, ""tracked""]",42492,44748,1067764,1874064
20pct pb-all-max1-relu-sw25-c8x16 vs none-r25-c16x32,test_accuracy,5,"0,1,2,3,4",-0.8670756646216748,0.8365233084140854,-1.9057565403385741,0.17160521109522442,1,0,"-1.308793,0.531697,-0.879346,-1.656442,-1.022495","[""pai-faithful-b21"", ""pb-all-max1-relu-sw25-c8x16"", 0.2, ""tracked""]","[""pai-faithful-b21"", ""none-r25-c16x32"", 0.2, ""tracked""]",42492,44748,1067764,1874064
20pct gd-all-max1-tanh-sw25-c8x16 vs none-c8x16,val_accuracy,5,"0,1,2,3,4",0.9673790776152957,0.5149841683806342,0.32794177609164876,1.6068163791389427,5,0,"1.214848,0.134983,1.282340,0.809899,1.394826","[""pai-faithful-b21"", ""gd-all-max1-tanh-sw25-c8x16"", 0.2, ""tracked""]","[""pai-faithful-b21"", ""none-c8x16"", 0.2, ""tracked""]",42492,21228,1067764,525768
20pct gd-all-max1-tanh-sw25-c8x16 vs none-c8x16,test_accuracy,5,"0,1,2,3,4",1.0715746421267869,0.4164956930258012,0.5544269346893119,1.5887223495642617,5,0,"0.674847,1.063395,0.715746,1.206544,1.697342","[""pai-faithful-b21"", ""gd-all-max1-tanh-sw25-c8x16"", 0.2, ""tracked""]","[""pai-faithful-b21"", ""none-c8x16"", 0.2, ""tracked""]",42492,21228,1067764,525768
20pct gd-all-max1-tanh-sw25-c8x16 vs none-r25-c8x16,val_accuracy,5,"0,1,2,3,4",-0.013498312710913396,0.5069610375668177,-0.642973581550157,0.6159769561283303,2,1,"0.269966,0.000000,0.629921,-0.269966,-0.697413","[""pai-faithful-b21"", ""gd-all-max1-tanh-sw25-c8x16"", 0.2, ""tracked""]","[""pai-faithful-b21"", ""none-r25-c8x16"", 0.2, ""tracked""]",42492,21228,1067764,525768
20pct gd-all-max1-tanh-sw25-c8x16 vs none-r25-c8x16,test_accuracy,5,"0,1,2,3,4",-0.08997955010225045,0.606745399109874,-0.843353468253354,0.6633943680488531,1,0,"-0.429448,0.981595,-0.347648,-0.204499,-0.449898","[""pai-faithful-b21"", ""gd-all-max1-tanh-sw25-c8x16"", 0.2, ""tracked""]","[""pai-faithful-b21"", ""none-r25-c8x16"", 0.2, ""tracked""]",42492,21228,1067764,525768
20pct gd-all-max1-tanh-sw25-c8x16 vs none-c16x32,val_accuracy,5,"0,1,2,3,4",-0.8683914510686175,0.5712691202917031,-1.5777157510209243,-0.15906715111631065,0,0,"-0.787402,-1.102362,-0.157480,-1.687289,-0.607424","[""pai-faithful-b21"", ""gd-all-max1-tanh-sw25-c8x16"", 0.2, ""tracked""]","[""pai-faithful-b21"", ""none-c16x32"", 0.2, ""tracked""]",42492,44748,1067764,1874064
20pct gd-all-max1-tanh-sw25-c8x16 vs none-c16x32,test_accuracy,5,"0,1,2,3,4",-1.0224948875255602,1.0877923242967864,-2.373167454128347,0.32817767907722684,1,0,"-1.431493,0.552147,-0.613497,-2.392638,-1.226994","[""pai-faithful-b21"", ""gd-all-max1-tanh-sw25-c8x16"", 0.2, ""tracked""]","[""pai-faithful-b21"", ""none-c16x32"", 0.2, ""tracked""]",42492,44748,1067764,1874064
20pct gd-all-max1-tanh-sw25-c8x16 vs none-r25-c16x32,val_accuracy,5,"0,1,2,3,4",-1.439820022497189,1.0273852628823803,-2.7154873157043644,-0.16415272929001357,0,0,"-2.249719,-0.764904,-0.472441,-2.812148,-0.899888","[""pai-faithful-b21"", ""gd-all-max1-tanh-sw25-c8x16"", 0.2, ""tracked""]","[""pai-faithful-b21"", ""none-r25-c16x32"", 0.2, ""tracked""]",42492,44748,1067764,1874064
20pct gd-all-max1-tanh-sw25-c8x16 vs none-r25-c16x32,test_accuracy,5,"0,1,2,3,4",-1.4601226993865035,1.5929013324245846,-3.4379709365504882,0.5177255377774812,1,0,"-2.658487,0.715746,-1.390593,-3.292434,-0.674847","[""pai-faithful-b21"", ""gd-all-max1-tanh-sw25-c8x16"", 0.2, ""tracked""]","[""pai-faithful-b21"", ""none-r25-c16x32"", 0.2, ""tracked""]",42492,44748,1067764,1874064
20pct PB vs GD tanh,val_accuracy,5,"0,1,2,3,4",0.21597300337458103,0.5146400754506336,-0.4230370503458474,0.8549830570950094,4,0,"0.539933,0.629921,0.382452,0.179978,-0.652418","[""pai-faithful-b21"", ""pb-all-max1-tanh-sw25-c8x16"", 0.2, ""tracked""]","[""pai-faithful-b21"", ""gd-all-max1-tanh-sw25-c8x16"", 0.2, ""tracked""]",42492,42492,1067764,1067764
20pct PB vs GD tanh,test_accuracy,5,"0,1,2,3,4",0.14723926380368235,0.7468273540284226,-0.7800693745679239,1.0745479021752886,4,0,"1.104294,0.286299,0.265849,0.061350,-0.981595","[""pai-faithful-b21"", ""pb-all-max1-tanh-sw25-c8x16"", 0.2, ""tracked""]","[""pai-faithful-b21"", ""gd-all-max1-tanh-sw25-c8x16"", 0.2, ""tracked""]",42492,42492,1067764,1067764
20pct detached ReLU vs detached base,val_accuracy,5,"0,1,2,3,4",0.39595050618672634,1.0066831708208115,-0.8540117446200788,1.6459127569935315,4,0,"0.944882,1.304837,0.472441,0.562430,-1.304837","[""pai-faithful-b21"", ""pb-all-max1-relu-sw25-c8x16"", 0.2, ""detached""]","[""pai-faithful-b21"", ""none-c8x16"", 0.2, ""detached""]",42492,21228,1067764,525768
20pct detached ReLU vs detached base,test_accuracy,5,"0,1,2,3,4",0.3476482617586929,1.429446389963297,-1.427243858022482,2.122540381539868,2,0,"2.597137,0.940695,-0.408998,-0.613497,-0.777096","[""pai-faithful-b21"", ""pb-all-max1-relu-sw25-c8x16"", 0.2, ""detached""]","[""pai-faithful-b21"", ""none-c8x16"", 0.2, ""detached""]",42492,21228,1067764,525768
20pct PB c4 vs base,val_accuracy,5,"0,1,2,3,4",1.5433070866141718,0.8079591823167536,0.5400932579125102,2.5465209153158335,5,0,"1.034871,0.944882,2.767154,0.989876,1.979753","[""pai-faithful-b21"", ""pb-all-max1-tanh-sw25-c4x8"", 0.2, ""tracked""]","[""pai-faithful-b21"", ""none-c4x8"", 0.2, ""tracked""]",20688,10332,328256,160068
20pct PB c4 vs base,test_accuracy,5,"0,1,2,3,4",1.5214723926380413,1.0585266899962669,0.20713791053083574,2.8358068747452467,5,0,"1.635992,0.674847,2.453988,0.224949,2.617587","[""pai-faithful-b21"", ""pb-all-max1-tanh-sw25-c4x8"", 0.2, ""tracked""]","[""pai-faithful-b21"", ""none-c4x8"", 0.2, ""tracked""]",20688,10332,328256,160068
20pct PB c4 vs width,val_accuracy,5,"0,1,2,3,4",-6.200224971878517,1.4238782816593434,-7.968203372040567,-4.432246571716466,0,0,"-6.996625,-8.121485,-4.364454,-5.646794,-5.871766","[""pai-faithful-b21"", ""pb-all-max1-tanh-sw25-c4x8"", 0.2, ""tracked""]","[""pai-faithful-b21"", ""none-c8x16"", 0.2, ""tracked""]",20688,21228,328256,525768
20pct PB c4 vs width,test_accuracy,5,"0,1,2,3,4",-6.768916155419222,1.392020799586879,-8.49733826701844,-5.040494043820004,0,0,"-7.382413,-8.854806,-5.439673,-5.685072,-6.482618","[""pai-faithful-b21"", ""pb-all-max1-tanh-sw25-c4x8"", 0.2, ""tracked""]","[""pai-faithful-b21"", ""none-c8x16"", 0.2, ""tracked""]",20688,21228,328256,525768
CPU b22 sigmoid minus tanh,val_accuracy,5,"0,1,2,3,4",0.03599550056242906,0.6278287597770658,-0.7435568674902926,0.8155478686151507,2,0,"-0.742407,-0.337458,-0.044994,0.832396,0.472441","[""pai-faithful-b22"", ""pb-all-max1-sigmoid-sw25-c8x16"", 1, ""tracked""]","[""pai-faithful-b22"", ""pb-all-max1-tanh-sw25-c8x16"", 1, ""tracked""]",42492,42492,1067764,1067764
CPU b22 sigmoid minus tanh,test_accuracy,5,"0,1,2,3,4",0.06952965235173858,0.8947385317284496,-1.0414349703020565,1.1804942750055336,2,0,"-0.613497,-0.715746,0.306748,-0.122699,1.492843","[""pai-faithful-b22"", ""pb-all-max1-sigmoid-sw25-c8x16"", 1, ""tracked""]","[""pai-faithful-b22"", ""pb-all-max1-tanh-sw25-c8x16"", 1, ""tracked""]",42492,42492,1067764,1067764
CPU b22 PB c8 vs width c16x32,val_accuracy,5,"0,1,2,3,4",0.5309336332958403,1.392519593038873,-1.1981078121752593,2.25997507876694,4,0,"1.934758,1.124859,-1.732283,0.292463,1.034871","[""pai-faithful-b22"", ""pb-all-max1-tanh-sw25-c8x16"", 1, ""tracked""]","[""pai-faithful-b22"", ""none-c16x32"", 1, ""tracked""]",42492,44748,1067764,1874064
CPU b22 PB c8 vs width c16x32,test_accuracy,5,"0,1,2,3,4",0.16768916155419422,1.9524780171491332,-2.2566324996260825,2.592010822734471,3,0,"1.738241,1.860941,-2.903885,0.552147,-0.408998","[""pai-faithful-b22"", ""pb-all-max1-tanh-sw25-c8x16"", 1, ""tracked""]","[""pai-faithful-b22"", ""none-c16x32"", 1, ""tracked""]",42492,44748,1067764,1874064
CPU b22 PB c8 vs 3conv same params,val_accuracy,5,"0,1,2,3,4",-7.2080989876265456,0.993907325469492,-8.442197931213986,-5.974000044039105,0,0,"-5.646794,-7.401575,-8.233971,-7.806524,-6.951631","[""pai-faithful-b22"", ""pb-all-max1-tanh-sw25-c8x16"", 1, ""tracked""]","[""pai-faithful-b22"", ""none-c12x32x64"", 1, ""tracked""]",42492,42084,1067764,3312492
CPU b22 PB c8 vs 3conv same params,test_accuracy,5,"0,1,2,3,4",-8.3680981595092,0.9817441945381011,-9.587094581313682,-7.149101737704719,0,0,"-6.952965,-8.302658,-9.672802,-8.711656,-8.200409","[""pai-faithful-b22"", ""pb-all-max1-tanh-sw25-c8x16"", 1, ""tracked""]","[""pai-faithful-b22"", ""none-c12x32x64"", 1, ""tracked""]",42492,42084,1067764,3312492
CPU b22 PB c12 vs base,val_accuracy,5,"0,1,2,3,4",2.488188976377952,0.9907195508097014,1.2580481778199633,3.7183297749359405,5,0,"3.937008,2.632171,2.474691,1.169854,2.227222","[""pai-faithful-b22"", ""pb-all-max1-tanh-sw25-c12x24"", 1, ""tracked""]","[""pai-faithful-b22"", ""none-c12x24"", 1, ""tracked""]",65448,32700,2218536,1097100
CPU b22 PB c12 vs base,test_accuracy,5,"0,1,2,3,4",1.873210633946829,0.9230359869877072,0.7271100798568042,3.0193111880368537,5,0,"3.496933,1.738241,1.308793,1.349693,1.472393","[""pai-faithful-b22"", ""pb-all-max1-tanh-sw25-c12x24"", 1, ""tracked""]","[""pai-faithful-b22"", ""none-c12x24"", 1, ""tracked""]",65448,32700,2218536,1097100
CPU b22 PB c12 vs 3conv same params,val_accuracy,5,"0,1,2,3,4",-5.786276715410574,0.5407286968069686,-6.45768007103196,-5.114873359789189,0,0,"-6.074241,-6.141732,-5.579303,-6.209224,-4.926884","[""pai-faithful-b22"", ""pb-all-max1-tanh-sw25-c12x24"", 1, ""tracked""]","[""pai-faithful-b22"", ""none-c16x42x84"", 1, ""tracked""]",65448,64306,2218536,5676624
CPU b22 PB c12 vs 3conv same params,test_accuracy,5,"0,1,2,3,4",-6.854805725971369,0.578121177393359,-7.572637978540445,-6.136973473402293,0,0,"-6.850716,-7.750511,-6.973415,-6.421268,-6.278119","[""pai-faithful-b22"", ""pb-all-max1-tanh-sw25-c12x24"", 1, ""tracked""]","[""pai-faithful-b22"", ""none-c16x42x84"", 1, ""tracked""]",65448,64306,2218536,5676624
CPU b23 PB c6x12x24 vs base,val_accuracy,5,"0,1,2,3,4",1.6377952755905523,0.9966787433016121,0.4002551622569861,2.8753353889241184,5,0,"2.609674,2.789651,0.944882,0.607424,1.237345","[""pai-faithful-b23"", ""pb-all-max1-tanh-sw25-c6x12x24"", 1, ""tracked""]","[""pai-faithful-b23"", ""none-c6x12x24"", 1, ""tracked""]",21726,10836,1173258,579294
CPU b23 PB c6x12x24 vs base,test_accuracy,5,"0,1,2,3,4",2.1513292433537834,1.0946331900467101,0.7921626200327643,3.5104958666748027,5,0,"3.292434,3.353783,1.042945,1.370143,1.697342","[""pai-faithful-b23"", ""pb-all-max1-tanh-sw25-c6x12x24"", 1, ""tracked""]","[""pai-faithful-b23"", ""none-c6x12x24"", 1, ""tracked""]",21726,10836,1173258,579294
CPU b23 PB c6x12x24 vs width,val_accuracy,5,"0,1,2,3,4",-1.84476940382452,0.9052148273894551,-2.9687420656351344,-0.7207967420139056,0,0,"-2.677165,-0.854893,-2.272216,-2.542182,-0.877390","[""pai-faithful-b23"", ""pb-all-max1-tanh-sw25-c6x12x24"", 1, ""tracked""]","[""pai-faithful-b23"", ""none-c8x20x40"", 1, ""tracked""]",21726,21272,1173258,1369896
CPU b23 PB c6x12x24 vs width,test_accuracy,5,"0,1,2,3,4",-2.3885480572597118,1.3558297630825829,-4.072033061773832,-0.7050630527455917,0,0,"-3.844581,-0.470348,-3.435583,-2.474438,-1.717791","[""pai-faithful-b23"", ""pb-all-max1-tanh-sw25-c6x12x24"", 1, ""tracked""]","[""pai-faithful-b23"", ""none-c8x20x40"", 1, ""tracked""]",21726,21272,1173258,1369896
CPU b23 PB c8x20x40 vs base,val_accuracy,5,"0,1,2,3,4",0.7784026996625437,0.06860720216862447,0.6932156067122078,0.8635897926128796,5,0,"0.742407,0.877390,0.809899,0.697413,0.764904","[""pai-faithful-b23"", ""pb-all-max1-tanh-sw25-c8x20x40"", 1, ""tracked""]","[""pai-faithful-b23"", ""none-c8x20x40"", 1, ""tracked""]",42624,21272,2761608,1369896
CPU b23 PB c8x20x40 vs base,test_accuracy,5,"0,1,2,3,4",1.0306748466257676,0.27987237263186804,0.6831673974366324,1.3781822958149028,5,0,"0.777096,1.370143,1.247444,1.022495,0.736196","[""pai-faithful-b23"", ""pb-all-max1-tanh-sw25-c8x20x40"", 1, ""tracked""]","[""pai-faithful-b23"", ""none-c8x20x40"", 1, ""tracked""]",42624,21272,2761608,1369896
CPU b23 PB c8x20x40 vs width,val_accuracy,5,"0,1,2,3,4",-1.1203599550056231,0.44125468329961515,-1.6682500092979944,-0.5724699007132519,0,0,"-0.697413,-1.259843,-0.899888,-0.922385,-1.822272","[""pai-faithful-b23"", ""pb-all-max1-tanh-sw25-c8x20x40"", 1, ""tracked""]","[""pai-faithful-b22"", ""none-c12x32x64"", 1, ""tracked""]",42624,42084,2761608,3312492
CPU b23 PB c8x20x40 vs width,test_accuracy,5,"0,1,2,3,4",-1.1042944785276076,0.6731403104553283,-1.9401085677603578,-0.2684803892948574,0,0,"-0.327198,-1.676892,-0.449898,-1.329243,-1.738241","[""pai-faithful-b23"", ""pb-all-max1-tanh-sw25-c8x20x40"", 1, ""tracked""]","[""pai-faithful-b22"", ""none-c12x32x64"", 1, ""tracked""]",42624,42084,2761608,3312492
CPU b24 all PB vs base b22,val_accuracy,5,"0,1,2,3,4",0.36445444319460174,0.15939698163256247,0.16653694967894497,0.5623719367102585,5,0,"0.404949,0.449944,0.179978,0.562430,0.224972","[""pai-faithful-b24"", ""pb-all-max1-tanh-sw25-c12x32x64"", 1, ""tracked""]","[""pai-faithful-b22"", ""none-c12x32x64"", 1, ""tracked""]",84288,42084,6658832,3312492
CPU b24 all PB vs base b22,test_accuracy,5,"0,1,2,3,4",0.49488752556237303,0.4146843960944439,-0.02001115968537681,1.0097862108101228,5,0,"0.920245,0.102249,0.020450,0.593047,0.838446","[""pai-faithful-b24"", ""pb-all-max1-tanh-sw25-c12x32x64"", 1, ""tracked""]","[""pai-faithful-b22"", ""none-c12x32x64"", 1, ""tracked""]",84288,42084,6658832,3312492
CPU b24 all PB vs near-matched width,val_accuracy,5,"0,1,2,3,4",0.9718785151856024,0.7831154435765976,-0.0004877375416026952,1.9442447679128074,5,0,"0.044994,0.337458,1.732283,1.754781,0.989876","[""pai-faithful-b24"", ""pb-all-max1-tanh-sw25-c12x32x64"", 1, ""tracked""]","[""pai-faithful-b24"", ""none-c17x50x100"", 1, ""tracked""]",84288,84182,6658832,7643139
CPU b24 all PB vs near-matched width,test_accuracy,5,"0,1,2,3,4",1.3333333333333353,1.1018681213448756,-0.034816643710100514,2.701483310376771,4,0,"-0.224949,0.593047,2.269939,2.208589,1.820041","[""pai-faithful-b24"", ""pb-all-max1-tanh-sw25-c12x32x64"", 1, ""tracked""]","[""pai-faithful-b24"", ""none-c17x50x100"", 1, ""tracked""]",84288,84182,6658832,7643139
CPU b24 linear PB vs base b22,val_accuracy,5,"0,1,2,3,4",0.2159730033745788,0.08204536570892942,0.11410022655425853,0.31784578019489906,5,0,"0.179978,0.292463,0.089989,0.269966,0.247469","[""pai-faithful-b24"", ""pb-linear-max1-tanh-sw25-c12x32x64"", 1, ""tracked""]","[""pai-faithful-b22"", ""none-c12x32x64"", 1, ""tracked""]",62076,42084,3332472,3312492
CPU b24 linear PB vs base b22,test_accuracy,5,"0,1,2,3,4",0.25357873210634096,0.1708515220793887,0.04143854810187991,0.465718916110802,5,0,"0.286299,0.388548,0.020450,0.143149,0.429448","[""pai-faithful-b24"", ""pb-linear-max1-tanh-sw25-c12x32x64"", 1, ""tracked""]","[""pai-faithful-b22"", ""none-c12x32x64"", 1, ""tracked""]",62076,42084,3332472,3312492
CPU b24 linear PB vs near-matched width,val_accuracy,5,"0,1,2,3,4",0.5939257592800895,0.51242253237374,-0.04233085103729195,1.230182369597471,5,0,"1.417323,0.562430,0.022497,0.382452,0.584927","[""pai-faithful-b24"", ""pb-linear-max1-tanh-sw25-c12x32x64"", 1, ""tracked""]","[""pai-faithful-b24"", ""none-c16x41x82"", 1, ""tracked""]",62076,62041,3332472,5469216
CPU b24 linear PB vs near-matched width,test_accuracy,5,"0,1,2,3,4",0.6134969325153383,0.36610457648196393,0.15891806031968597,1.0680758047109906,5,0,"0.470348,0.899796,0.081800,1.002045,0.613497","[""pai-faithful-b24"", ""pb-linear-max1-tanh-sw25-c12x32x64"", 1, ""tracked""]","[""pai-faithful-b24"", ""none-c16x41x82"", 1, ""tracked""]",62076,62041,3332472,5469216
CPU b24 all PB vs 4conv near-matched params,val_accuracy,5,"0,1,2,3,4",-0.8953880764904376,0.09728570668364797,-1.0161842360194306,-0.7745919169614446,0,0,"-0.967379,-0.854893,-0.967379,-0.742407,-0.944882","[""pai-faithful-b24"", ""pb-all-max1-tanh-sw25-c12x32x64"", 1, ""tracked""]","[""pai-faithful-b24"", ""none-c12x32x64x94"", 1, ""tracked""]",84288,84250,6658832,4708164
CPU b24 all PB vs 4conv near-matched params,test_accuracy,5,"0,1,2,3,4",-0.6339468302658502,0.31943761455651015,-1.0305810159330746,-0.23731264459862567,0,0,"-0.327198,-1.104294,-0.593047,-0.368098,-0.777096","[""pai-faithful-b24"", ""pb-all-max1-tanh-sw25-c12x32x64"", 1, ""tracked""]","[""pai-faithful-b24"", ""none-c12x32x64x94"", 1, ""tracked""]",84288,84250,6658832,4708164
CPU b24 all PB minus linear PB,val_accuracy,5,"0,1,2,3,4",0.14848143982002293,0.1217760954125913,-0.0027235536957384288,0.29968643333578426,4,0,"0.224972,0.157480,0.089989,0.292463,-0.022497","[""pai-faithful-b24"", ""pb-all-max1-tanh-sw25-c12x32x64"", 1, ""tracked""]","[""pai-faithful-b24"", ""pb-linear-max1-tanh-sw25-c12x32x64"", 1, ""tracked""]",84288,62076,6658832,3332472
CPU b24 all PB minus linear PB,test_accuracy,5,"0,1,2,3,4",0.24130879345603207,0.3749643643251177,-0.22427095833619654,0.7068885452482607,3,1,"0.633947,-0.286299,0.000000,0.449898,0.408998","[""pai-faithful-b24"", ""pb-all-max1-tanh-sw25-c12x32x64"", 1, ""tracked""]","[""pai-faithful-b24"", ""pb-linear-max1-tanh-sw25-c12x32x64"", 1, ""tracked""]",84288,62076,6658832,3332472
