batch,train_fraction,phase0_optimizer,arm,n,device,seeds,params_clean_values,params_live_selected_numel_values,selected_conv_linear_macs_proxy_values,selected_conv_linear_plus_top_macs_proxy_values,val_mean_pct,test_mean_pct,test_sd_pct,retained_counts,epochs_mean,seconds_mean
pai-faithful,1.0,tracked,gd-all-max1-tanh-sw25-c4x8,5,mps,"0,1,2,3,4",20664,20688,320136,328256,75.74803149606299,72.81390593047034,2.2793885722376257,"1,1,1,1,1",166.4,987.9569655000232
pai-faithful,1.0,tracked,none-c12x24,5,mps,"0,1,2,3,4",32700,32700,1097100,1097100,84.56242969628796,82.81799591002044,0.7877060647386422,"0,0,0,0,0",600,3126.575856983219
pai-faithful,1.0,tracked,none-c16x32,5,mps,"0,1,2,3,4",44748,44748,1874064,1874064,84.34645669291339,82.65439672801637,0.9510191913691167,"0,0,0,0,0",600,3871.4267080168006
pai-faithful,1.0,tracked,none-c20x40,5,mps,"0,1,2,3,4",57372,57372,2856660,2856660,83.11811023622046,81.41922290388548,2.2124955981334535,"0,0,0,0,0",600,4542.805288208392
pai-faithful,1.0,tracked,none-c24x48,5,mps,"0,1,2,3,4",70572,70572,4044888,4044888,80.67041619797526,78.85889570552148,3.848043734740284,"0,0,0,0,0",600,5330.103497341601
pai-faithful,1.0,tracked,none-c28x56,5,mps,"0,1,2,3,4",84348,84348,5438748,5438748,82.44769403824522,80.3762781186094,2.8506379946736615,"0,0,0,0,0",600,5880.8014305332445
pai-faithful,1.0,tracked,none-c4x8,5,mps,"0,1,2,3,4",10332,10332,160068,160068,71.22609673790777,67.96319018404908,1.2141970723353905,"0,0,0,0,0",600,1431.5567415747792
pai-faithful,1.0,tracked,none-c6x12,5,mps,"0,1,2,3,4",15708,15708,317214,317214,81.09786276715411,78.63394683026584,1.1081127656201275,"0,0,0,0,0",600,1774.280327749811
pai-faithful,1.0,tracked,none-c8x16,5,mps,"0,1,2,3,4",21228,21228,525768,525768,82.92913385826772,80.0,0.8534004750456144,"0,0,0,0,0",600,1985.613161266409
pai-faithful,1.0,tracked,none-r25-c16x32,5,mps,"0,1,2,3,4",44748,44748,1874064,1874064,84.46794150731158,82.84253578732105,1.1068477639674066,"0,0,0,0,0",600,2756.7667813081994
pai-faithful,1.0,tracked,none-r25-c28x56,5,mps,"0,1,2,3,4",84348,84348,5438748,5438748,80.55343082114736,77.91411042944785,2.6686137145211504,"0,0,0,0,0",600,3066.2770747581962
pai-faithful,1.0,tracked,none-r25-c8x16,5,mps,"0,1,2,3,4",21228,21228,525768,525768,83.23509561304837,81.4642126789366,1.1783649160071443,"0,0,0,0,0",600,1974.5157207168172
pai-faithful,1.0,tracked,pb-all-max1-relu-sw25-c4x8,5,mps,"0,1,2,3,4","10332,20664","10332,20688","160068,320136","160068,328256",72.8323959505062,69.8036809815951,3.025603665633639,"1,1,1,0,1",267.8,7750.34425011659
pai-faithful,1.0,tracked,pb-all-max1-tanh-sw25-c4x8,5,mps,"0,1,2,3,4",20664,20688,320136,328256,76.68391451068615,72.79754601226995,1.3795271239637064,"1,1,1,1,1",205.6,3501.465222666622
pai-faithful,1.0,tracked,pb-all-max1-tanh-sw25-c8x16,5,mps,"0,1,2,3,4",42456,42492,1051536,1067764,85.54780652418448,82.93660531697341,0.8436171510722336,"1,1,1,1,1",279.8,5535.789259733632
pai-faithful,1.0,tracked,pb-linear-max3-tanh-sw25-c8x16,5,mps,"0,1,2,3,4","41208,61224,81240","41220,61248,81300","545736,None","545748,None",84.94038245219348,82.30265848670757,0.7890587150826462,"3,1,3,2,3",518.4,3795.4865047083704
pai-faithful-b21,0.2,detached,none-c8x16,5,mps,"0,1,2,3,4",21228,21228,525768,525768,76.89988751406074,73.9918200408998,1.0893674159835451,"0,0,0,0,0",600,559.3752583170077
pai-faithful-b21,0.2,detached,pb-all-max1-relu-sw25-c8x16,5,mps,"0,1,2,3,4",42456,42492,1051536,1067764,77.29583802024746,74.33946830265849,0.8230162912572916,"1,1,1,1,1",227.8,1957.4202806418064
pai-faithful-b21,0.2,tracked,gd-all-max1-tanh-sw25-c8x16,5,mps,"0,1,2,3,4",42456,42492,1051536,1067764,77.00337457817773,74.28629856850716,1.0169173028157863,"1,1,1,1,1",239.2,874.8604368333705
pai-faithful-b21,0.2,tracked,none-c12x24,5,mps,"0,1,2,3,4",32700,32700,1097100,1097100,77.79527559055119,75.34969325153375,1.2533468561923717,"0,0,0,0,0",600,803.2767472167965
pai-faithful-b21,0.2,tracked,none-c16x32,5,mps,"0,1,2,3,4",44748,44748,1874064,1874064,77.87176602924634,75.30879345603272,0.189423904734716,"0,0,0,0,0",600,1072.3464707667706
pai-faithful-b21,0.2,tracked,none-c24x48,5,mps,"0,1,2,3,4",70572,70572,4044888,4044888,77.3498312710911,75.06339468302659,0.8372728590334638,"0,0,0,0,0",600,1502.3086829168024
pai-faithful-b21,0.2,tracked,none-c4x8,5,mps,"0,1,2,3,4",10332,10332,160068,160068,68.29246344206975,64.92433537832311,1.2019774245869113,"0,0,0,0,0",600,516.052266100212
pai-faithful-b21,0.2,tracked,none-c8x16,5,mps,"0,1,2,3,4",21228,21228,525768,525768,76.03599550056242,73.21472392638036,1.1165719079578234,"0,0,0,0,0",600,637.5943146749865
pai-faithful-b21,0.2,tracked,none-r25-c16x32,5,mps,"0,1,2,3,4",44748,44748,1874064,1874064,78.44319460067491,75.74642126789367,0.7126723351012972,"0,0,0,0,0",600,978.6452044585952
pai-faithful-b21,0.2,tracked,none-r25-c8x16,5,mps,"0,1,2,3,4",21228,21228,525768,525768,77.01687289088865,74.3762781186094,0.6863675438379732,"0,0,0,0,0",600,734.7833944496233
pai-faithful-b21,0.2,tracked,pb-all-max1-relu-sw25-c8x16,5,mps,"0,1,2,3,4",42456,42492,1051536,1067764,77.78627671541058,74.87934560327199,0.6330556437987831,"1,1,1,1,1",283.2,2937.030273983185
pai-faithful-b21,0.2,tracked,pb-all-max1-tanh-sw25-c4x8,5,mps,"0,1,2,3,4",20664,20688,320136,328256,69.83577052868391,66.44580777096115,1.1904405235996336,"1,1,1,1,1",238.2,1933.7351085083792
pai-faithful-b21,0.2,tracked,pb-all-max1-tanh-sw25-c8x16,5,mps,"0,1,2,3,4",42456,42492,1051536,1067764,77.21934758155231,74.43353783231083,1.216158703168754,"1,1,1,1,1",264.6,2472.671442775382
pai-faithful-b21,1.0,detached,none-c16x32,5,mps,"0,1,2,3,4",44748,44748,1874064,1874064,83.84251968503938,81.32924335378323,1.0966942885719348,"0,0,0,0,0",600,3753.616712141433
pai-faithful-b21,1.0,detached,none-c8x16,5,mps,"0,1,2,3,4",21228,21228,525768,525768,83.30708661417323,81.11656441717791,1.046906945163264,"0,0,0,0,0",600,2545.542261425173
pai-faithful-b21,1.0,detached,pb-all-max1-relu-sw25-c8x16,5,mps,"0,1,2,3,4","21228,42456","21228,42492","1051536,525768","1067764,525768",83.20359955005624,80.62167689161555,1.4657456188213946,"1,0,1,1,1",337.2,11741.110857092193
pai-faithful-b21,1.0,tracked,pb-all-max1-relu-sw25-c8x16,5,mps,"0,1,2,3,4",42456,42492,1051536,1067764,83.6310461192351,81.07566462167689,1.1708883575816542,"1,1,1,1,1",312.2,10518.54687132521
pai-faithful-b21-f10-aborted,0.1,tracked,none-c12x24,1,mps,0,32700,32700,1097100,1097100,70.61867266591676,67.60736196319019,,0,600,741.8892510000151
pai-faithful-b21-f10-aborted,0.1,tracked,none-c16x32,1,mps,0,44748,44748,1874064,1874064,71.9910011248594,68.26175869120654,,0,600,813.9388997909846
pai-faithful-b21-f10-aborted,0.1,tracked,none-c24x48,1,mps,0,70572,70572,4044888,4044888,70.3037120359955,68.58895705521473,,0,600,1050.7539417500375
pai-faithful-b21-f10-aborted,0.1,tracked,none-c4x8,1,mps,0,10332,10332,160068,160068,63.93700787401575,60.98159509202454,,0,600,476.2146864590468
pai-faithful-b21-f10-aborted,0.1,tracked,none-c8x16,1,mps,0,21228,21228,525768,525768,68.68391451068617,66.9120654396728,,0,600,597.625753665925
pai-faithful-b21-f10-aborted,0.1,tracked,none-r25-c16x32,1,mps,0,44748,44748,1874064,1874064,73.38582677165354,70.79754601226995,,0,600,715.1673506670631
pai-faithful-b21-f10-aborted,0.1,tracked,none-r25-c8x16,1,mps,0,21228,21228,525768,525768,70.64116985376828,67.4642126789366,,0,600,626.1492236250779
pai-faithful-b22,1.0,tracked,none-c12x24,5,cpu,"0,1,2,3,4",32700,32700,1097100,1097100,83.95500562429696,82.7280163599182,1.5492467868399558,"0,0,0,0,0",600,9946.479763166979
pai-faithful-b22,1.0,tracked,none-c12x32x64,5,cpu,"0,1,2,3,4",42084,42084,3312492,3312492,92.26546681664793,91.6441717791411,0.5113701284288894,"0,0,0,0,0",600,14865.805859208387
pai-faithful-b22,1.0,tracked,none-c16x32,5,cpu,"0,1,2,3,4",44748,44748,1874064,1874064,84.52643419572553,83.10838445807771,1.5223159919124138,"0,0,0,0,0",600,13055.816139741824
pai-faithful-b22,1.0,tracked,none-c16x42x84,5,cpu,"0,1,2,3,4",64306,64306,5676624,5676624,92.2294713160855,91.4560327198364,0.4146843960944469,"0,0,0,0,0",600,20084.46697324163
pai-faithful-b22,1.0,tracked,none-c20x40,5,cpu,"0,1,2,3,4",57372,57372,2856660,2856660,83.18110236220473,81.70961145194275,4.086542523122034,"0,0,0,0,0",600,16117.759505524999
pai-faithful-b22,1.0,tracked,none-c24x48,5,cpu,"0,1,2,3,4",70572,70572,4044888,4044888,81.58830146231722,79.39468302658487,3.19773240485645,"0,0,0,0,0",600,19140.063487891573
pai-faithful-b22,1.0,tracked,pb-all-max1-sigmoid-sw25-c8x16,5,cpu,"0,1,2,3,4",42456,42492,1051536,1067764,85.09336332958381,83.34560327198363,0.8099811857619803,"1,1,1,1,1",246.8,4585.752013874985
pai-faithful-b22,1.0,tracked,pb-all-max1-tanh-sw25-c12x24,5,cpu,"0,1,2,3,4",65400,65448,2194200,2218536,86.44319460067491,84.60122699386503,0.869541579773793,"1,1,1,1,1",323.8,9075.773673483007
pai-faithful-b22,1.0,tracked,pb-all-max1-tanh-sw25-c8x16,5,cpu,"0,1,2,3,4",42456,42492,1051536,1067764,85.05736782902137,83.2760736196319,0.4961787478422962,"1,1,1,1,1",249.6,4863.670083300001
pai-faithful-b23,1.0,tracked,none-c12x24x48,5,cpu,"0,1,2,3,4",28140,28140,2160396,2160396,91.19460067491563,90.38445807770961,0.5147934285911503,"0,0,0,0,0",600,12763.886556158377
pai-faithful-b23,1.0,tracked,none-c6x12x24,5,cpu,"0,1,2,3,4",10836,10836,579294,579294,86.88413948256468,84.96932515337423,1.3692271760458692,"0,0,0,0,0",600,6978.972709258203
pai-faithful-b23,1.0,tracked,none-c8x20x40,5,cpu,"0,1,2,3,4",21272,21272,1369896,1369896,90.36670416197975,89.50920245398773,0.7383234437028952,"0,0,0,0,0",600,9923.609297616593
pai-faithful-b23,1.0,tracked,pb-all-max1-tanh-sw25-c6x12x24,5,cpu,"0,1,2,3,4",21672,21726,1158588,1173258,88.52193475815523,87.12065439672801,0.7914136850460263,"1,1,1,1,1",298.6,5925.055821666378
pai-faithful-b23,1.0,tracked,pb-all-max1-tanh-sw25-c8x20x40,5,cpu,"0,1,2,3,4",42544,42624,2739792,2761608,91.1451068616423,90.5398773006135,0.7956560901532981,"1,1,1,1,1",285.2,8035.639792099991
pai-faithful-b24,1.0,tracked,none-c12x32x64x94,5,cpu,"0,1,2,3,4",84250,84250,4708164,4708164,93.52530933633297,92.77300613496932,0.35761018672060524,"0,0,0,0,0",175,5916.068436416774
pai-faithful-b24,1.0,tracked,none-c16x41x82,5,cpu,"0,1,2,3,4",62041,62041,5469216,5469216,91.8875140607424,91.2842535787321,0.5354984469230181,"0,0,0,0,0",177,6601.927234166558
pai-faithful-b24,1.0,tracked,none-c17x50x100,5,cpu,"0,1,2,3,4",84182,84182,7643139,7643139,91.65804274465692,90.80572597137014,0.8239304155204682,"0,0,0,0,0",162,7655.2926457586
pai-faithful-b24,1.0,tracked,pb-all-max1-tanh-sw25-c12x32x64,5,cpu,"0,1,2,3,4",84168,84288,6624984,6658832,92.62992125984252,92.13905930470348,0.32418087129718204,"1,1,1,1,1",328.6,17640.731491158414
pai-faithful-b24,1.0,tracked,pb-linear-max1-tanh-sw25-c12x32x64,5,cpu,"0,1,2,3,4",62064,62076,3332460,3332472,92.48143982002249,91.89775051124744,0.42143662116301933,"1,1,1,1,1",281.8,8106.451578275208
