family,dir,seed,width,status,report_path,source_val,source_params,source_macs,prune_rate,prune_val,base_params,base_macs,pai_val,zero_val,final_val,final_params,final_macs,pai_params,retained_dendrites_copied_count,resume_status,resume_val,prune_epochs,pai_epochs,resume_epochs,has_final_clean,has_cycle_meta,failed_retry_files,test_logging_epochs,train_eval_epochs,prune_jsonl_sha256,pai_jsonl_sha256,final_clean_sha256,delta_final_prune_pp,delta_pai_zero_pp,delta_final_source_pp,delta_resume_pai_pp
sparknet-c12-dendritic-prune-no-kd-fc-only-d3,outputs/sparknet-c12-dendritic-prune-no-kd-fc-only-d3,,6,planned,outputs/sparknet-c12-dendritic-prune-no-kd-fc-only-d3/reports/sparknet_dendritic_prune_experiment.yaml,0.9261330761812921,3400,277124,,,1906,134714,,,,,,,,,,0,0,0,False,False,0,0,0,,,,,,,
sparknet-c12-dendritic-prune-no-kd-fc-only-d3,outputs/sparknet-c12-dendritic-prune-no-kd-fc-only-d3,,8,planned,outputs/sparknet-c12-dendritic-prune-no-kd-fc-only-d3/reports/sparknet_dendritic_prune_experiment.yaml,0.9261330761812921,3400,277124,,,2356,177336,,0.8950819672131147,,,,,,,,40,132,0,False,False,0,0,0,f929d0f3eb636f19ddce8c1088262322524b4c9880ee08b6e83451463460c9cb,7ed84a0e20a1a010098585f8d71c914aa8d2dbad93e5e19acf6dbc1e28588ddf,,,,,
sparknet-c12-dendritic-prune-no-kd-fc-only-d3,outputs/sparknet-c12-dendritic-prune-no-kd-fc-only-d3,,10,complete,outputs/sparknet-c12-dendritic-prune-no-kd-fc-only-d3/reports/sparknet_dendritic_prune_experiment.yaml,0.9261330761812921,3400,277124,,0.9056894889103182,2854,224806,0.9232401157184185,0.915718418514947,0.9232401157184185,4114,225646,4042,3.0,no_improvement,0.920540019286403,40,619,8,True,True,0,0,0,3578bf74852e1fa452e323402369bd1585cfc5a566b62768d3d728f23e05456f,91812a8ba19b7b38f164bd84f0a37fe03dc6629d2f3d536e57cd874277e65d3c,57001c7dfc942f011e700c119f3aeb3f89f48167f192d7a49969416441588726,1.7550626808100267,0.7521697203471511,-0.2892960462873684,0.0
sparknet-c12-dendritic-prune-no-kd-unlimited,outputs/sparknet-c12-dendritic-prune-no-kd-unlimited,,6,planned,outputs/sparknet-c12-dendritic-prune-no-kd-unlimited/reports/sparknet_dendritic_prune_experiment.yaml,0.9261330761812921,3400,277124,,,1906,134714,,,,,,,,,,0,0,0,False,False,0,0,0,,,,,,,
sparknet-c12-dendritic-prune-no-kd-unlimited,outputs/sparknet-c12-dendritic-prune-no-kd-unlimited,,8,planned,outputs/sparknet-c12-dendritic-prune-no-kd-unlimited/reports/sparknet_dendritic_prune_experiment.yaml,0.9261330761812921,3400,277124,,,2356,177336,,,,,,,,,,0,0,0,False,False,0,0,0,,,,,,,
sparknet-c12-dendritic-prune-no-kd-unlimited,outputs/sparknet-c12-dendritic-prune-no-kd-unlimited,,10,planned,outputs/sparknet-c12-dendritic-prune-no-kd-unlimited/reports/sparknet_dendritic_prune_experiment.yaml,0.9261330761812921,3400,277124,,,2854,224806,,0.915718418514947,,,,,,,,40,1788,0,False,False,8,0,0,a34dafd9db6ba3d6dde410c84e9b90f7a8b5c95482812931dda09799eef94fca,ff4bde28cffb5875d166bb9372de7efefbbb766eb04c9f0a3e1c8f2892baa819,,,,,
sparknet-c16-dendritic-prune-no-kd-fc-only-d3,outputs/sparknet-c16-dendritic-prune-no-kd-fc-only-d3/seed0,0,8,complete,outputs/sparknet-c16-dendritic-prune-no-kd-fc-only-d3/seed0/reports/sparknet_dendritic_prune_experiment.yaml,0.9532058492688414,4636,396304,,0.7986501687289089,2356,177336,0.8854893138357706,0.8755905511811024,0.8886389201349831,3616,178560,3544,3.0,complete,,40,778,8,True,True,8,0,0,e20d3657ca41d258844f73af0ab29e096df438b1fcc1baccc2456e8d1f657e3e,32cd3ff9448ec516ef2e55c73cd01e04fb1320075bf0836de6557ba849e5170c,d4d2eb142ac51dcf7f82c3d7e4cc8d4b6a3f76860616c0dc030feb0426e94ecd,8.99887514060742,0.9898762654668158,-6.456692913385831,0.31496062992125706
sparknet-c16-dendritic-prune-no-kd-fc-only-d3,outputs/sparknet-c16-dendritic-prune-no-kd-fc-only-d3/seed0,0,10,complete,outputs/sparknet-c16-dendritic-prune-no-kd-fc-only-d3/seed0/reports/sparknet_dendritic_prune_experiment.yaml,0.9532058492688414,4636,396304,,0.8688413948256468,2854,224806,0.911586051743532,0.911586051743532,0.9124859392575928,2854,224806,2854,0.0,complete,,40,655,8,True,True,24,0,0,57198e8b3ceb2dc6c27c22681518c15f3ce3a252ea5952938e456cdad3c3c824,2d3092ac8f65fb431961f909ce0545b8a19283441bb4f0e9b755426dc3a8de64,7fbd77af4f770eac9171f8f1bf6251c0d9680616a408d2488db4b26aff40315b,4.364454443194599,0.0,-4.071991001124864,0.0899887514060782
sparknet-c16-dendritic-prune-no-kd-fc-only-d3,outputs/sparknet-c16-dendritic-prune-no-kd-fc-only-d3/seed0,0,12,complete,outputs/sparknet-c16-dendritic-prune-no-kd-fc-only-d3/seed0/reports/sparknet_dendritic_prune_experiment.yaml,0.9532058492688414,4636,396304,,0.9021372328458943,3400,277124,0.9235095613048369,0.9230596175478065,0.9246344206974129,4228,277928,4192,2.0,complete,,40,854,8,True,True,24,0,0,99b9db48f51b7e5b628501299d0261ea59734c4d7d49f57c162b7af3ec660a32,c34c8ce6f8357173759475309c421981f43c646cca52a2c0618b87519c0fa5f0,8fa28d5e25da29084c94b895577362f3c4916d686ecfbbd2840832f99a270d6e,2.249718785151855,0.04499437570303355,-2.857142857142858,0.11248593925760053
sparknet-c16-dendritic-prune-no-kd-fc-only-d3,outputs/sparknet-c16-dendritic-prune-no-kd-fc-only-d3/seed1,1,8,complete,outputs/sparknet-c16-dendritic-prune-no-kd-fc-only-d3/seed1/reports/sparknet_dendritic_prune_experiment.yaml,0.947806524184477,4636,396304,,0.8231721034870642,2356,177336,0.8780652418447694,0.8740157480314961,0.8814398200224972,3616,178560,3544,3.0,complete,,40,576,8,True,True,0,0,0,a5954ab389f0c00e36db2bd2a710223a20a4178c52b71c869d9919b2f14b9948,7badd6338532f76bdbcc79c3037075bebdf85d159179902b93577a1835146965,533e5d93dd5f7ff293bb49c2cf7595ed690b545e7957ab25ee5dcce8dc0fa3ca,5.826771653543306,0.40494938132733527,-6.636670416197976,0.3374578177727794
sparknet-c16-dendritic-prune-no-kd-fc-only-d3,outputs/sparknet-c16-dendritic-prune-no-kd-fc-only-d3/seed1,1,10,complete,outputs/sparknet-c16-dendritic-prune-no-kd-fc-only-d3/seed1/reports/sparknet_dendritic_prune_experiment.yaml,0.947806524184477,4636,396304,,0.8483689538807649,2854,224806,0.9120359955005625,0.9082114735658042,0.9122609673790776,4114,226030,4042,3.0,complete,,40,520,8,True,True,0,0,0,c31c7726b58439d5916a65cd78adb9200e619d304f358e37a6f4e85a5661fded,a5d926f8e3d9a1c0f325478b166c3a884121c6cb5c3bb5f4e3621e8e1913ddf6,b9dba06517a3f8074f0558cf8e630f18141ac7b0336ad681fd8a04b4e2178eb4,6.389201349831264,0.38245219347582404,-3.554555680539939,0.022497187851511224
sparknet-c16-dendritic-prune-no-kd-fc-only-d3,outputs/sparknet-c16-dendritic-prune-no-kd-fc-only-d3/seed1,1,12,complete,outputs/sparknet-c16-dendritic-prune-no-kd-fc-only-d3/seed1/reports/sparknet_dendritic_prune_experiment.yaml,0.947806524184477,4636,396304,,0.890888638920135,3400,277124,0.9230596175478065,0.9205849268841395,0.9230596175478065,3808,277520,3796,1.0,no_improvement,0.9221597300337457,40,700,8,True,True,24,0,0,f4c231514c2c0cf272998e87163f5fdd786d8164165729cd96e4d2ade1a11993,59621afa0bd43f63377e87c6e2d829e50e8626c28d14c995f79608304ee27d39,b455de735d423fb4689742ba3eedb2d459e4311b019e9c376732380f04099270,3.2170978627671487,0.24746906636670118,-2.474690663667045,0.0
sparknet-c16-dendritic-prune-no-kd-fc-only-d3,outputs/sparknet-c16-dendritic-prune-no-kd-fc-only-d3/seed2,2,8,complete,outputs/sparknet-c16-dendritic-prune-no-kd-fc-only-d3/seed2/reports/sparknet_dendritic_prune_experiment.yaml,0.9469066366704162,4636,396304,,0.778177727784027,2356,177336,0.8701912260967379,0.8625421822272216,0.8710911136107986,2764,177732,2752,1.0,complete,,40,632,8,True,True,24,0,0,5b96eb844ee55ed8068ca390d6684411084f3deefad666f1eec610a467c73d39,fb82a7f79e7bf0abb446f52290acb146d24b52aaab1478eb0d0c449d8082b832,9c866fd93ea90056554933657b4764aacd21bce80ad8faba5e2e954620be727c,9.291338582677156,0.764904386951637,-7.581552305961758,0.0899887514060671
sparknet-c16-dendritic-prune-no-kd-fc-only-d3,outputs/sparknet-c16-dendritic-prune-no-kd-fc-only-d3/seed2,2,10,complete,outputs/sparknet-c16-dendritic-prune-no-kd-fc-only-d3/seed2/reports/sparknet_dendritic_prune_experiment.yaml,0.9469066366704162,4636,396304,,0.8407199100112486,2854,224806,0.9059617547806524,0.9003374578177727,0.9064116985376828,3682,225610,3646,2.0,complete,,40,794,8,True,True,24,0,0,512c7c10a00e2b35159dc547fac41fa03a8e53e9e5be4972c996883464d237f0,a64b4e55f671148bd42f90a71308968123bc1d147908d074f2174ea2f724cc31,12a6f4e69b48aa1b27df34a1d92afbc174e03c8d61b79328a3e7763d699aa9a5,6.56917885264342,0.5624296962879693,-4.049493813273342,0.04499437570303355
sparknet-c16-dendritic-prune-no-kd-fc-only-d3,outputs/sparknet-c16-dendritic-prune-no-kd-fc-only-d3/seed2,2,12,complete,outputs/sparknet-c16-dendritic-prune-no-kd-fc-only-d3/seed2/reports/sparknet_dendritic_prune_experiment.yaml,0.9469066366704162,4636,396304,,0.9025871766029246,3400,277124,0.9255343082114735,0.9237345331833521,0.9255343082114735,4228,277928,4192,2.0,no_improvement,0.9244094488188976,40,832,8,True,True,24,0,0,964adac86da5176249d06cdd156ca08ae78ca5a23cb8707a1a8997cbeec7e68d,ea9dd767562c8b3ca930f1f41269cfe0e862abdc457da8607b041de656751f63,fb44548b69158e1aafb43c94056a4f2e26c655931bc798321e63bd1e7740a7d0,2.2947131608548887,0.1799775028121453,-2.1372328458942658,0.0
sparknet-c16-dendritic-prune-no-kd-fc-only-d3,outputs/sparknet-c16-dendritic-prune-no-kd-fc-only-d3/seed3,3,8,complete,outputs/sparknet-c16-dendritic-prune-no-kd-fc-only-d3/seed3/reports/sparknet_dendritic_prune_experiment.yaml,0.9523059617547807,4636,396304,,0.7815523059617547,2356,177336,0.878740157480315,0.8719910011248594,0.8800899887514061,2764,177732,2752,1.0,complete,,40,687,8,True,True,24,0,0,5e0ecfa0f68f47ac9ab20f42d712fc869332ac6ebecf023217a9178257f8d9e1,a032d3a735807262c08bae5da36e004e9cff58e46ef465979a1bb70720ae68df,18ad848d982ed8bff0eba862697d7f5110570349a2ae1d83d0add25377981212,9.853768278965136,0.6749156355455588,-7.221597300337457,0.13498312710911176
sparknet-c16-dendritic-prune-no-kd-fc-only-d3,outputs/sparknet-c16-dendritic-prune-no-kd-fc-only-d3/seed3,3,10,complete,outputs/sparknet-c16-dendritic-prune-no-kd-fc-only-d3/seed3/reports/sparknet_dendritic_prune_experiment.yaml,0.9523059617547807,4636,396304,,0.8735658042744657,2854,224806,0.905511811023622,0.9023622047244094,0.9079865016872891,3682,225610,3646,2.0,complete,,40,778,8,True,True,24,0,0,b4fee46c47926fd38b2822e11abe8ca8103011c39ab8db9af76b9eb0ca6c625c,d5bf98e6b280dff38bb9ff0467184cdcab6cb1758205090ae7e5c3b6de4b8b29,e152ed7d2beb1664dbdf078c2d995965b0d7b1189377aa2b12e82ce3f068663f,3.4420697412823387,0.31496062992125706,-4.431946006749154,0.2474690663667123
sparknet-c16-dendritic-prune-no-kd-fc-only-d3,outputs/sparknet-c16-dendritic-prune-no-kd-fc-only-d3/seed3,3,12,complete,outputs/sparknet-c16-dendritic-prune-no-kd-fc-only-d3/seed3/reports/sparknet_dendritic_prune_experiment.yaml,0.9523059617547807,4636,396304,,0.9016872890888639,3400,277124,0.9280089988751407,0.9237345331833521,0.9280089988751407,4228,277928,4192,2.0,no_improvement,0.9273340832395951,40,784,8,True,True,24,0,0,651a224009bcac5d427f5c78d9eda8fa2adcb7eaeeb141d1bd7f45123aa7909d,cd93daceb274a19bb403a467db62a3d0cd2a93ba5c88dd6a1fa6ddfb756078fd,37b3b0681405460ff8e36b8c6fc91b9c4592189f914c519dfdc2fea4293e4e08,2.6321709786276792,0.4274465691788576,-2.4296962879640005,0.0
sparknet-c16-dendritic-prune-no-kd-fc-only-d3,outputs/sparknet-c16-dendritic-prune-no-kd-fc-only-d3/seed4,4,8,complete,outputs/sparknet-c16-dendritic-prune-no-kd-fc-only-d3/seed4/reports/sparknet_dendritic_prune_experiment.yaml,0.9484814398200225,4636,396304,,0.8148481439820022,2356,177336,0.878740157480315,0.8740157480314961,0.8809898762654668,3184,178140,3148,2.0,complete,,40,777,8,True,True,24,0,0,caefa40e84dd68821e89ff0f898a8fbd75a2e22941fefd496c123474479ffc4b,be3aa63edff7772fed15c799f60218d9e6e228db710632bae1d703d2422e0527,6f3fddd79e0d4fc598a906f0283235e121c8e29466100638aadd5100c1929329,6.614173228346454,0.47244094488189115,-6.749156355455577,0.22497187851517886
sparknet-c16-dendritic-prune-no-kd-fc-only-d3,outputs/sparknet-c16-dendritic-prune-no-kd-fc-only-d3/seed4,4,10,complete,outputs/sparknet-c16-dendritic-prune-no-kd-fc-only-d3/seed4/reports/sparknet_dendritic_prune_experiment.yaml,0.9484814398200225,4636,396304,,0.8580427446569179,2854,224806,0.9088863892013498,0.904161979752531,0.9097862767154106,3262,225202,3250,1.0,complete,,40,809,8,True,True,24,0,0,d0d523a9c5056ee192e541853ba0cbc50706e31124d1c973a125cac8d4753140,b1a527aeba0dc476415574593ec54a2690f7b2db211b2d09210e8c086bee5608,ea13d886c5ddca4925cd3a4e4e6ba718e8faba349c19361bd47108a12355593c,5.174353205849269,0.47244094488188004,-3.8695163104611963,0.0899887514060782
sparknet-c16-dendritic-prune-no-kd-fc-only-d3,outputs/sparknet-c16-dendritic-prune-no-kd-fc-only-d3/seed4,4,12,complete,outputs/sparknet-c16-dendritic-prune-no-kd-fc-only-d3/seed4/reports/sparknet_dendritic_prune_experiment.yaml,0.9484814398200225,4636,396304,,0.9100112485939258,3400,277124,0.9304836895388077,0.9298087739032621,0.9311586051743532,3808,277520,3796,1.0,complete,,40,643,8,True,True,24,0,0,37a222b2d0461a4ac072ef6e2ef2e742f06fac35af4b40c2e9b523e83e10b35f,cf7ab83fdaf925fc00819c559500d63b4602f903497c4b9304179432148d0485,8e51b695b52af5cf8528382b5fe9d50942acf763e4156051a5379db1df27a538,2.1147356580427434,0.06749156355455588,-1.7322834645669305,0.06749156355455588
sparknet-c16-dendritic-prune-no-kd-gate-conv-d3,outputs/sparknet-c16-dendritic-prune-no-kd-gate-conv-d3/seed0,0,8,planned,outputs/sparknet-c16-dendritic-prune-no-kd-gate-conv-d3/seed0/reports/sparknet_dendritic_prune_experiment.yaml,0.9532058492688414,4636,396304,,,2356,177336,,,,,,,,,,0,0,0,False,False,0,0,0,,,,,,,
sparknet-c16-dendritic-prune-no-kd-gate-conv-d3,outputs/sparknet-c16-dendritic-prune-no-kd-gate-conv-d3/seed0,0,10,planned,outputs/sparknet-c16-dendritic-prune-no-kd-gate-conv-d3/seed0/reports/sparknet_dendritic_prune_experiment.yaml,0.9532058492688414,4636,396304,,,2854,224806,,,,,,,,,,0,0,0,False,False,0,0,0,,,,,,,
sparknet-c16-dendritic-prune-no-kd-gate-conv-d3,outputs/sparknet-c16-dendritic-prune-no-kd-gate-conv-d3/seed0,0,12,planned,outputs/sparknet-c16-dendritic-prune-no-kd-gate-conv-d3/seed0/reports/sparknet_dendritic_prune_experiment.yaml,0.9532058492688414,4636,396304,,,3400,277124,,0.9230596175478065,,,,,,,,40,557,0,False,False,0,0,0,963fc5e3800c347ae39d5b807484b2ab6a82b95a841008afd9b79c07c8faed47,7de5e60755d602407f074901d6bf71f12cad47b153f7117ca95cd0e59d97c1ef,,,,,
sparknet-c16-dendritic-prune-no-kd-gate-conv-d3,outputs/sparknet-c16-dendritic-prune-no-kd-gate-conv-d3/seed1,1,8,planned,outputs/sparknet-c16-dendritic-prune-no-kd-gate-conv-d3/seed1/reports/sparknet_dendritic_prune_experiment.yaml,0.947806524184477,4636,396304,,,2356,177336,,,,,,,,,,0,0,0,False,False,0,0,0,,,,,,,
sparknet-c16-dendritic-prune-no-kd-gate-conv-d3,outputs/sparknet-c16-dendritic-prune-no-kd-gate-conv-d3/seed1,1,10,planned,outputs/sparknet-c16-dendritic-prune-no-kd-gate-conv-d3/seed1/reports/sparknet_dendritic_prune_experiment.yaml,0.947806524184477,4636,396304,,,2854,224806,,,,,,,,,,0,0,0,False,False,0,0,0,,,,,,,
sparknet-c16-dendritic-prune-no-kd-gate-conv-d3,outputs/sparknet-c16-dendritic-prune-no-kd-gate-conv-d3/seed1,1,12,planned,outputs/sparknet-c16-dendritic-prune-no-kd-gate-conv-d3/seed1/reports/sparknet_dendritic_prune_experiment.yaml,0.947806524184477,4636,396304,,,3400,277124,,0.9203599550056243,,,,,,,,40,552,0,False,False,0,0,0,f8c10e8e179b854c55c4e5bb1dbfd3096759200d3e1d2197f931eea853ba5242,a5e087dac70104e9677a38fee2b2c6d01439ec12087a84f5ee2b77225902fd65,,,,,
sparknet-c16-dendritic-prune-no-kd-gate-conv-d3,outputs/sparknet-c16-dendritic-prune-no-kd-gate-conv-d3/seed2,2,8,planned,outputs/sparknet-c16-dendritic-prune-no-kd-gate-conv-d3/seed2/reports/sparknet_dendritic_prune_experiment.yaml,0.9469066366704162,4636,396304,,,2356,177336,,,,,,,,,,0,0,0,False,False,0,0,0,,,,,,,
sparknet-c16-dendritic-prune-no-kd-gate-conv-d3,outputs/sparknet-c16-dendritic-prune-no-kd-gate-conv-d3/seed2,2,10,planned,outputs/sparknet-c16-dendritic-prune-no-kd-gate-conv-d3/seed2/reports/sparknet_dendritic_prune_experiment.yaml,0.9469066366704162,4636,396304,,,2854,224806,,,,,,,,,,0,0,0,False,False,0,0,0,,,,,,,
sparknet-c16-dendritic-prune-no-kd-gate-conv-d3,outputs/sparknet-c16-dendritic-prune-no-kd-gate-conv-d3/seed2,2,12,planned,outputs/sparknet-c16-dendritic-prune-no-kd-gate-conv-d3/seed2/reports/sparknet_dendritic_prune_experiment.yaml,0.9469066366704162,4636,396304,,,3400,277124,,0.9232845894263217,,,,,,,,40,537,0,False,False,0,0,0,090b7c1d755a831d24b98a353badb424238eaa83fa9164e08a82297391fa7214,6a853f4fe9be59bbe682a2acd95cc8d4e58696dffcb6bb553c7ad32d81a4b187,,,,,
sparknet-c16-dendritic-prune-no-kd-gate-conv-d3,outputs/sparknet-c16-dendritic-prune-no-kd-gate-conv-d3/seed3,3,8,planned,outputs/sparknet-c16-dendritic-prune-no-kd-gate-conv-d3/seed3/reports/sparknet_dendritic_prune_experiment.yaml,0.9523059617547807,4636,396304,,,2356,177336,,,,,,,,,,0,0,0,False,False,0,0,0,,,,,,,
sparknet-c16-dendritic-prune-no-kd-gate-conv-d3,outputs/sparknet-c16-dendritic-prune-no-kd-gate-conv-d3/seed3,3,10,planned,outputs/sparknet-c16-dendritic-prune-no-kd-gate-conv-d3/seed3/reports/sparknet_dendritic_prune_experiment.yaml,0.9523059617547807,4636,396304,,,2854,224806,,,,,,,,,,0,0,0,False,False,0,0,0,,,,,,,
sparknet-c16-dendritic-prune-no-kd-gate-conv-d3,outputs/sparknet-c16-dendritic-prune-no-kd-gate-conv-d3/seed3,3,12,planned,outputs/sparknet-c16-dendritic-prune-no-kd-gate-conv-d3/seed3/reports/sparknet_dendritic_prune_experiment.yaml,0.9523059617547807,4636,396304,,,3400,277124,,,,,,,,,,6,0,0,False,False,0,0,0,4d9355ce4b23293a7a0a350cbfcb150f6bb3c67ef106c0c27dbae09382daea55,,,,,,
sparknet-c16-dendritic-prune-no-kd-gate-conv-d3,outputs/sparknet-c16-dendritic-prune-no-kd-gate-conv-d3/seed4,4,8,planned,outputs/sparknet-c16-dendritic-prune-no-kd-gate-conv-d3/seed4/reports/sparknet_dendritic_prune_experiment.yaml,0.9484814398200225,4636,396304,,,2356,177336,,,,,,,,,,0,0,0,False,False,0,0,0,,,,,,,
sparknet-c16-dendritic-prune-no-kd-gate-conv-d3,outputs/sparknet-c16-dendritic-prune-no-kd-gate-conv-d3/seed4,4,10,planned,outputs/sparknet-c16-dendritic-prune-no-kd-gate-conv-d3/seed4/reports/sparknet_dendritic_prune_experiment.yaml,0.9484814398200225,4636,396304,,,2854,224806,,,,,,,,,,0,0,0,False,False,0,0,0,,,,,,,
sparknet-c16-dendritic-prune-no-kd-gate-conv-d3,outputs/sparknet-c16-dendritic-prune-no-kd-gate-conv-d3/seed4,4,12,planned,outputs/sparknet-c16-dendritic-prune-no-kd-gate-conv-d3/seed4/reports/sparknet_dendritic_prune_experiment.yaml,0.9484814398200225,4636,396304,,,3400,277124,,,,,,,,,,1,0,0,False,False,0,0,0,97c44361de071f2b23b81c24575c547e6d374e93ab4c27b3c9bf159a51a289ce,,,,,,
sparknet-c16-ptp,outputs/sparknet-c16-ptp/seed0,0,3,complete,outputs/sparknet-c16-ptp/seed0/reports/sparknet_dendritic_prune_experiment.yaml,0.9532058492688414,4636,396304,0.7,0.5408323959505061,1321,79871,0.5910011248593926,0.5496062992125984,0.5910011248593926,2581,81095,2509,3.0,skipped,,80,233,0,True,True,16,233,233,4e766951710b24ed190891f4dcce2ab0383d84395f0468ac56d418bd24a12c22,93d61c9b3a69e7a469472a358214ee16f890ab540cedbea3d06acbc003cc4adc,d7c3f2540fcef517586a49f06b3d7730523e4616c5bb11d9421e8ceb7fa9f943,5.016872890888646,4.13948256467942,-36.22047244094488,0.0
sparknet-c16-ptp,outputs/sparknet-c16-ptp/seed0,0,6,complete,outputs/sparknet-c16-ptp/seed0/reports/sparknet_dendritic_prune_experiment.yaml,0.9532058492688414,4636,396304,0.6,0.7651293588301462,1906,134714,0.78177727784027,0.7698537682789651,0.78177727784027,3166,135938,3094,3.0,skipped,,81,148,0,True,True,8,148,148,2247cb4a40996c437a894f6a8cad58f70d0f8994722f02b53ed6164654f9c6aa,95f3f9f4d2913d618863dce6561ac85ae3ae7546cd732687f7f665034f444a4d,65d567767f6f9f7f61a655cd458f7d32551f7dd93b537eb958d6d969489291f9,1.6647919010123746,1.1923509561304835,-17.14285714285715,0.0
sparknet-c16-ptp,outputs/sparknet-c16-ptp/seed0,0,8,complete,outputs/sparknet-c16-ptp/seed0/reports/sparknet_dendritic_prune_experiment.yaml,0.9532058492688414,4636,396304,0.5,0.8256467941507312,2356,177336,0.8519685039370078,0.8335208098987626,0.8519685039370078,3616,178560,3544,3.0,skipped,,79,177,0,True,True,0,177,177,a9776d3905756ac2c3c2a0d860b71c507efc48ac8d93bae0f5071faadb47e737,5b5783e716fcfda061054513b56e937c603b7606c80e5c365911a3da5c117ad4,cf1ee67c9d4d7d99c474bbda87025b76323bf70eb5a9849d6779e13b326d0c1d,2.632170978627668,1.84476940382452,-10.12373453318336,0.0
sparknet-c16-ptp,outputs/sparknet-c16-ptp/seed0,0,10,complete,outputs/sparknet-c16-ptp/seed0/reports/sparknet_dendritic_prune_experiment.yaml,0.9532058492688414,4636,396304,0.4,0.8940382452193476,2854,224806,0.9037120359955005,0.8971878515185602,0.9037120359955005,4114,226030,4042,3.0,skipped,,71,113,0,True,True,0,113,113,5222a735602db4a25ae07c1f0dacd0ebb99cdd86eeb372868c71555d68cfdf68,0919ebb4d20413ad55ad0a662f82239604162332cc2a819f278ed1c7ed698ade,a1016362e524b0a9f32ad96e45a8ee701dc721c63eeb9ba6f4a5221711cd86f8,0.9673790776152935,0.6524184476940365,-4.94938132733409,0.0
sparknet-c16-ptp,outputs/sparknet-c16-ptp/seed0,0,11,complete,outputs/sparknet-c16-ptp/seed0/reports/sparknet_dendritic_prune_experiment.yaml,0.9532058492688414,4636,396304,0.3,0.9165354330708662,3121,250359,0.919910011248594,0.9174353205849269,0.919910011248594,4381,251583,4309,3.0,skipped,,70,75,0,True,True,0,75,75,c5ab301837c733345be7f770d8533ea849a62ce717cb8221f3dbf3885cd62bdb,3af2545dbb43b26f41d57c3f3ef1a3da98e066b73c69a45e51718cfa5b3c5417,bea41291c09cadae5dadf437ead00efc345646bb4912897f71bb44a5cb425f9d,0.3374578177727794,0.24746906636670118,-3.3295838020247492,0.0
sparknet-c16-ptp,outputs/sparknet-c16-ptp/seed0,0,13,complete,outputs/sparknet-c16-ptp/seed0/reports/sparknet_dendritic_prune_experiment.yaml,0.9532058492688414,4636,396304,0.2,0.9293588301462318,3691,305101,0.9322834645669291,0.9307086614173228,0.9322834645669291,4951,306325,4879,3.0,skipped,,37,112,0,True,True,8,112,112,00cfe3264fcea552d7a32affed11cce4cdf6d30d5bc342008f702482375d593e,c744971eee678aa4570a01178640296b4b4d3f14878015716693c9860c6ca3a4,709754b7e3f0f521f4823fde353a772f9ad5a841c4e1b529fc1b6cb20a4b2912,0.29246344206973474,0.15748031496063408,-2.092238470191232,0.0
sparknet-c16-ptp,outputs/sparknet-c16-ptp/seed0,0,15,complete,outputs/sparknet-c16-ptp/seed0/reports/sparknet_dendritic_prune_experiment.yaml,0.9532058492688414,4636,396304,0.1,0.9457817772778403,4309,364691,0.9484814398200225,0.9471316085489314,0.9484814398200225,4717,365087,4705,1.0,skipped,,20,145,0,True,True,24,145,145,e8f0dd08c35264145f8062b54ae1457b2ce33bcad7600eae4af94dcea84dbfa8,4243fcb4453ed13a85b29d348c39e72f9bed8449f781d1399fb74d6a53abe7d5,ec75c28664275a1a4409ac3076123b276cee123500f4e9653929437dd2e32146,0.2699662542182235,0.13498312710911176,-0.47244094488189115,0.0
sparknet-c16-ptp,outputs/sparknet-c16-ptp/seed1,1,3,complete,outputs/sparknet-c16-ptp/seed1/reports/sparknet_dendritic_prune_experiment.yaml,0.947806524184477,4636,396304,0.7,0.5268841394825646,1321,79871,0.6402699662542182,0.6247469066366704,0.6402699662542182,2581,81095,2509,3.0,skipped,,92,203,0,True,True,0,203,203,fa7d8d2daaec2f45d1efd6a695873be4e84019e0d0b8e09417d0e21f303a1253,b440852307c3ac893c72eacb17406732890aa3a6e5c15276092110ed154cd520,c4917d43dd6386a877b3cbd8c0403d6927009bfb76cc11ca44364f8eb64c9fb0,11.338582677165354,1.552305961754774,-30.75365579302588,0.0
sparknet-c16-ptp,outputs/sparknet-c16-ptp/seed1,1,6,complete,outputs/sparknet-c16-ptp/seed1/reports/sparknet_dendritic_prune_experiment.yaml,0.947806524184477,4636,396304,0.6,0.8049493813273341,1906,134714,0.8161979752530933,0.8067491563554555,0.8161979752530933,3166,135938,3094,3.0,skipped,,95,127,0,True,True,0,127,127,9d6434f3c0d6124e2d01bf6db3fb2746de42630cc7bc0c34ab2d483878d3f959,efe5b2ab2e3d46bb6539a99459b132eb2e01b2a252f04163183e839b12bafb9b,01bae98eb6c1942426743d36c6899d7eaf45273ca20a1d4212d1b330c1dae3f1,1.1248593925759276,0.9448818897637823,-13.160854893138364,0.0
sparknet-c16-ptp,outputs/sparknet-c16-ptp/seed1,1,8,complete,outputs/sparknet-c16-ptp/seed1/reports/sparknet_dendritic_prune_experiment.yaml,0.947806524184477,4636,396304,0.5,0.853318335208099,2356,177336,0.8719910011248594,0.8647919010123735,0.8719910011248594,3616,178560,3544,3.0,skipped,,76,135,0,True,True,0,135,135,23c355feccae622de0b11821ec97f6ebf25591944fab114b2b1787949dd53f08,21bdba503e39b5da77378e4b70c464052845e2ce86d4333a7be728999d21778e,04a80cdc9d028241e366187e8d3a5f774148465af47d1e9e9e822dda3797d137,1.8672665916760423,0.7199100112485923,-7.581552305961758,0.0
sparknet-c16-ptp,outputs/sparknet-c16-ptp/seed1,1,10,complete,outputs/sparknet-c16-ptp/seed1/reports/sparknet_dendritic_prune_experiment.yaml,0.947806524184477,4636,396304,0.4,0.8767154105736783,2854,224806,0.9001124859392576,0.8911136107986501,0.9001124859392576,4114,226030,4042,3.0,skipped,,44,142,0,True,True,0,142,142,820333206b5f7dce1bd5cbf88cdfbaec99d14d562bd32d5152fd1486cab7d5f2,8c59569e801f9114a815884bdf95e261e593784bdacb6f608eab45fe65e12a63,e7aaf0d47d8c5c24f9537df5a7ad30816b39fb13579c0ea2ad328acda5720aa5,2.3397075365579334,0.8998875140607487,-4.769403824521934,0.0
sparknet-c16-ptp,outputs/sparknet-c16-ptp/seed1,1,11,complete,outputs/sparknet-c16-ptp/seed1/reports/sparknet_dendritic_prune_experiment.yaml,0.947806524184477,4636,396304,0.3,0.8922384701912262,3121,250359,0.9079865016872891,0.8958380202474691,0.9079865016872891,4381,251583,4309,3.0,skipped,,48,133,0,True,True,0,133,133,fb6f93c5c9272392bb19b3841d14ffd7edec43d0ba0a38d87789fb646316d4e0,ef785e5b4b78e23ad3352fc118ae1879137ee21af015f29701777e1473cdf828,0b6facbff35e10ead85191559f793f95bce7e37a1a3680ea75c658a2af491792,1.5748031496062964,1.2148481439820058,-3.9820022497187857,0.0
sparknet-c16-ptp,outputs/sparknet-c16-ptp/seed1,1,13,complete,outputs/sparknet-c16-ptp/seed1/reports/sparknet_dendritic_prune_experiment.yaml,0.947806524184477,4636,396304,0.2,0.9217097862767154,3691,305101,0.9289088863892013,0.9262092238470191,0.9289088863892013,4951,306325,4879,3.0,skipped,,27,149,0,True,True,8,149,149,9752845864c7d9f2f15891adc34fcc504e132ea3fde4c8048d2cffe9c7c99ced,8107c04c4abbc761820289e75a2461cde8b2083507277e209f521108a20d03f8,3b331f5e763ec9cff25d79d89ab03c96a20e07ff741f2848e3a9102a910279dd,0.7199100112485923,0.2699662542182235,-1.8897637795275646,0.0
sparknet-c16-ptp,outputs/sparknet-c16-ptp/seed1,1,15,complete,outputs/sparknet-c16-ptp/seed1/reports/sparknet_dendritic_prune_experiment.yaml,0.947806524184477,4636,396304,0.1,0.9358830146231721,4309,364691,0.9381327334083239,0.9381327334083239,0.9381327334083239,4309,364691,4309,0.0,skipped,,16,98,0,True,True,24,98,98,3993476b4954c3a5af580c7d2073c111c8059897628ec3a0170ab43560a51d2d,c76b9e42e05daa967da9e70dce0d201195436e6692855157dc0299f2e8ffc6cb,78cda6bc49f7354232ac97674566557db44d739709e0b282ea397a9cf185072f,0.22497187851517886,0.0,-0.9673790776153046,0.0
sparknet-c16-ptp,outputs/sparknet-c16-ptp/seed2,2,3,complete,outputs/sparknet-c16-ptp/seed2/reports/sparknet_dendritic_prune_experiment.yaml,0.9469066366704162,4636,396304,0.7,0.5793025871766029,1321,79871,0.6510686164229471,0.5829021372328459,0.6510686164229471,2581,81095,2509,3.0,skipped,,130,165,0,True,True,0,165,165,97e3e180d6fc96e685a9b61201995eda007ce4537eab2b84b4d134fc867fae8a,b18ed26964b235e87ea1c8bca6973b9e47f9ab2731ca3b592fabe3011ff10864,6870ee69fd195770a3141462572a48bfc39022aeab0f653042d43e34df0c2ab7,7.176602924634423,6.816647919010121,-29.58380202474691,0.0
sparknet-c16-ptp,outputs/sparknet-c16-ptp/seed2,2,6,complete,outputs/sparknet-c16-ptp/seed2/reports/sparknet_dendritic_prune_experiment.yaml,0.9469066366704162,4636,396304,0.6,0.807199100112486,1906,134714,0.8177727784026997,0.8125984251968504,0.8177727784026997,3166,135938,3094,3.0,skipped,,110,92,0,True,True,0,92,92,c5b6f18383cc96aa51fc52839469ba810fe6bfe19dbc0ac7bdd9a762633b49b5,df045a58686db7c7fc13b1ee69417de1b2e9644bda5344a6c6f652ef8780abbe,8409a601435f1a86a1b1d6bfaee8ffc7c374329c12d0a1eae9be7cb7d2dba35b,1.0573678290213717,0.5174353205849247,-12.91338582677165,0.0
sparknet-c16-ptp,outputs/sparknet-c16-ptp/seed2,2,8,complete,outputs/sparknet-c16-ptp/seed2/reports/sparknet_dendritic_prune_experiment.yaml,0.9469066366704162,4636,396304,0.5,0.8458942632170978,2356,177336,0.8683914510686164,0.8488188976377953,0.8683914510686164,3616,178560,3544,3.0,skipped,,63,167,0,True,True,8,167,167,d667e670603f505f2755b74d3f477412a39a2d7e8d8b1546ad0846f520a199ec,9d5cf35ae0d3b608666a48f065fed58663d44b6868aa91563e4473822843ca45,d79dcc333556af777749ef59860f678d2edf85e50e9b45380dd1a97b41269aa4,2.249718785151855,1.9572553430821094,-7.851518560179982,0.0
sparknet-c16-ptp,outputs/sparknet-c16-ptp/seed2,2,10,complete,outputs/sparknet-c16-ptp/seed2/reports/sparknet_dendritic_prune_experiment.yaml,0.9469066366704162,4636,396304,0.4,0.8992125984251969,2854,224806,0.9064116985376828,0.9037120359955005,0.9064116985376828,4114,226030,4042,3.0,skipped,,66,92,0,True,True,0,92,92,1ebc2b5ff74472ad38dad799bd3434d76bc49f59c9737bf52ee8fa475ba691ef,ca4af696c88e250a589b060d6131646d246ffb79746af97894a85467f5cf00dc,64355b81469de31be60d9c597dab8273cb358c6638547d4f881444f1f5800167,0.7199100112485923,0.2699662542182235,-4.049493813273342,0.0
sparknet-c16-ptp,outputs/sparknet-c16-ptp/seed2,2,11,complete,outputs/sparknet-c16-ptp/seed2/reports/sparknet_dendritic_prune_experiment.yaml,0.9469066366704162,4636,396304,0.3,0.9145106861642295,3121,250359,0.9185601799775028,0.9165354330708662,0.9185601799775028,4381,251583,4309,3.0,skipped,,54,92,0,True,True,0,92,92,84b1b2f99f7bf2bf27cf101b014e959479c98de50628029f564a6d6555abad27,f6bacae976129096bacb5715f6f9ae38c3dd53d82040b3f6f42366264eaeeb4a,c040c84ed91ccbd81068d4e2cb02e1020bf4892390219c4678f0a546d19232ef,0.40494938132733527,0.20247469066366763,-2.8346456692913358,0.0
sparknet-c16-ptp,outputs/sparknet-c16-ptp/seed2,2,13,complete,outputs/sparknet-c16-ptp/seed2/reports/sparknet_dendritic_prune_experiment.yaml,0.9469066366704162,4636,396304,0.2,0.9302587176602924,3691,305101,0.9347581552305961,0.9300337457817773,0.9347581552305961,4951,306325,4879,3.0,skipped,,49,127,0,True,True,0,127,127,8330b1914db4b39a0a64bc387baeba7eb103462e9705cc47a55a2c4b4e290ffd,4454af1ae8c48c550db54fb64bb0fe27b356be4f2e02b5646ee071d83feea2ec,8f16adf037626c177608caf53a7f8d2a0d2dcc877c1e78d248ab6dd441f9eb28,0.4499437570303688,0.47244094488188004,-1.2148481439820058,0.0
sparknet-c16-ptp,outputs/sparknet-c16-ptp/seed2,2,15,complete,outputs/sparknet-c16-ptp/seed2/reports/sparknet_dendritic_prune_experiment.yaml,0.9469066366704162,4636,396304,0.1,0.9426321709786277,4309,364691,0.9448818897637795,0.9426321709786277,0.9448818897637795,5137,365495,5101,2.0,skipped,,23,126,0,True,True,24,126,126,a8b4eca1ffbcb45b5700f1fee20ff9811d2c7e0a69ef14e94344b91bf90948a5,af7edba4894ba99a598b2226d8629ff9fa329e7fc99554b6de5c08bd9199bbae,2fd47315a3991ecd070955e00d44743e4230d84d11af020b12d551b8bbfbf0cb,0.22497187851517886,0.22497187851517886,-0.20247469066366763,0.0
sparknet-c16-ptp,outputs/sparknet-c16-ptp/seed3,3,3,complete,outputs/sparknet-c16-ptp/seed3/reports/sparknet_dendritic_prune_experiment.yaml,0.9523059617547807,4636,396304,0.7,0.07581552305961754,1321,79871,0.5966254218222722,0.5410573678290214,0.5966254218222722,2581,81095,2509,3.0,skipped,,9,200,0,True,True,0,200,200,c4b9f92e2dfb29bf4f508a1b3fe9e713166370056faed564c6bc0ce973891316,c78fef2b184dee9a3cb0333b1e3ee59dbc0ba5eabb21368b708fb29c9143910c,67e47b6778a92bc20816f72f5a780382db72d2dd6a68be2d9b651664848af4bf,52.08098987626546,5.556805399325082,-35.56805399325085,0.0
sparknet-c16-ptp,outputs/sparknet-c16-ptp/seed3,3,6,complete,outputs/sparknet-c16-ptp/seed3/reports/sparknet_dendritic_prune_experiment.yaml,0.9523059617547807,4636,396304,0.6,0.7991001124859393,1906,134714,0.833970753655793,0.826546681664792,0.833970753655793,3166,135938,3094,3.0,skipped,,80,154,0,True,True,0,154,154,088641a57754f71e55e15317115fba053dc42b02b475da7bbb6651dac7dd842a,8fcdf256e22921306b046ee8c949532a6d1559ad1c6b1b03b21284dcbfa7ce22,967bde147c7371aae9fa2f16655b8e2edc469db8a2ddb035ddc85d9e4732617b,3.487064116985372,0.7424071991001036,-11.833520809898769,0.0
sparknet-c16-ptp,outputs/sparknet-c16-ptp/seed3,3,8,complete,outputs/sparknet-c16-ptp/seed3/reports/sparknet_dendritic_prune_experiment.yaml,0.9523059617547807,4636,396304,0.5,0.8602924634420698,2356,177336,0.8697412823397075,0.8589426321709787,0.8697412823397075,3616,178560,3544,3.0,skipped,,78,110,0,True,True,0,110,110,f99d3ed6b20a95d7d136221b239133d962de5fc59a594516b59c90c18ae8c454,97d05cc3121ce3b399f1391de7b8453daaae7f0aea368f0c9032181a898261e3,ea618e8face4c58b33717e60ba646b354164bdc1bbe3fc81ec6f6af7381f8c0d,0.9448818897637712,1.079865016872883,-8.256467941507317,0.0
sparknet-c16-ptp,outputs/sparknet-c16-ptp/seed3,3,10,complete,outputs/sparknet-c16-ptp/seed3/reports/sparknet_dendritic_prune_experiment.yaml,0.9523059617547807,4636,396304,0.4,0.896962879640045,2854,224806,0.9075365579302587,0.9019122609673791,0.9075365579302587,4114,226030,4042,3.0,skipped,,65,111,0,True,True,0,111,111,e786897b033400d64f30935782085a60b1fd3cdb4bd757d80e4bab68838438fc,fe858728bf691b343df8d0ba66c8216d81040c17d5e44d76bed7bc0fa9ae619a,8744f8fb1f6231899ed9838d9c5ccf7b747fecef49c961c077e2fb79f625d7a3,1.0573678290213717,0.5624296962879582,-4.476940382452199,0.0
sparknet-c16-ptp,outputs/sparknet-c16-ptp/seed3,3,11,complete,outputs/sparknet-c16-ptp/seed3/reports/sparknet_dendritic_prune_experiment.yaml,0.9523059617547807,4636,396304,0.3,0.911586051743532,3121,250359,0.9185601799775028,0.9145106861642295,0.9185601799775028,4381,251583,4309,3.0,skipped,,82,142,0,True,True,8,142,142,f0c1acb32474fa65efa16db1c3c8b67acc51782c7a7d697f3f6c3970aad1b522,8b52598ac7056d4bd84a017b56c50c91c8cd6c15f93a1896fd0eea271dec23db,dac11a346d9c32998f58cd5db8b616cc2859c1c55f01748cb315f1af757ed319,0.6974128233970811,0.40494938132733527,-3.374578177727783,0.0
sparknet-c16-ptp,outputs/sparknet-c16-ptp/seed3,3,13,complete,outputs/sparknet-c16-ptp/seed3/reports/sparknet_dendritic_prune_experiment.yaml,0.9523059617547807,4636,396304,0.2,0.9318335208098988,3691,305101,0.9361079865016873,0.9340832395950506,0.9361079865016873,4519,305905,4483,2.0,skipped,,36,173,0,True,True,24,173,173,9d0f69132c35944800b80bd3c506ec0ce1da1be8b12179fcc405b99fafac4c33,b20dce07c4abb42b9d1fac1aecc9488fba0ff0252e417cd5806bc46a9fc06386,d5b1a588738c3bc2fcafe4a66fd0e78c8a2d5d76b7ad238df3f91c667c7a6a76,0.4274465691788465,0.20247469066366763,-1.619797525309341,0.0
sparknet-c16-ptp,outputs/sparknet-c16-ptp/seed3,3,15,complete,outputs/sparknet-c16-ptp/seed3/reports/sparknet_dendritic_prune_experiment.yaml,0.9523059617547807,4636,396304,0.1,0.9480314960629921,4309,364691,0.950281214848144,0.9489313835770529,0.950281214848144,5569,365915,5497,3.0,skipped,,13,145,0,True,True,16,145,145,270d545532827ab1781c882adc1990546ac33044d265d77bf9a97e3b11a88b98,09d66b8d5fa0b3c256b931d6fdb6d804c1be9cb5bce57f0465db6d96e85bc5d3,920b9ca51631a0ff32d1408f8d79e22432dc3e535ecb6493f684d2ea4ba3c52e,0.22497187851518996,0.13498312710911176,-0.20247469066366763,0.0
sparknet-c16-ptp,outputs/sparknet-c16-ptp/seed4,4,3,complete,outputs/sparknet-c16-ptp/seed4/reports/sparknet_dendritic_prune_experiment.yaml,0.9484814398200225,4636,396304,0.7,0.18987626546681666,1321,79871,0.4830146231721035,0.3298087739032621,0.4830146231721035,2581,81095,2509,3.0,skipped,,12,218,0,True,True,0,218,218,37a64488c439e67f0f55285029d2a6e10343c48f09c6d19afed4429cdcf07326,b7295a62b878d9f34ca3ca45c06719f289eb906e19db533226260a4a748b3810,c220e5a26a30b6fb8fa942736766d79a4b4f55de2a878f924a1613f627ae9538,29.313835770528684,15.32058492688414,-46.546681664791905,0.0
sparknet-c16-ptp,outputs/sparknet-c16-ptp/seed4,4,6,complete,outputs/sparknet-c16-ptp/seed4/reports/sparknet_dendritic_prune_experiment.yaml,0.9484814398200225,4636,396304,0.6,0.7824521934758155,1906,134714,0.8080989876265466,0.7869516310461192,0.8080989876265466,3166,135938,3094,3.0,skipped,,120,149,0,True,True,0,149,149,e1b4628ae639060d47159df3efd075357a6de88d792335abc3246b490226468a,1cc6dc72c288edb8dcb67328c84c9cc1f197936c0eec0ab4ab2e72e1f2572ee3,03c5349522af5a88a5261d2335af2f1a19ea5010b37130c39ed07337f6fd00e2,2.5646794150731123,2.1147356580427434,-14.038245219347589,0.0
sparknet-c16-ptp,outputs/sparknet-c16-ptp/seed4,4,8,complete,outputs/sparknet-c16-ptp/seed4/reports/sparknet_dendritic_prune_experiment.yaml,0.9484814398200225,4636,396304,0.5,0.84859392575928,2356,177336,0.8755905511811024,0.8537682789651294,0.8755905511811024,3616,178560,3544,3.0,skipped,,77,139,0,True,True,0,139,139,228b9ad69cf8c088859eaa4314c9600cdc286251d07c9e54a2bf0c6586369e66,47f9c5159217fabd31e6b08f3176d504d3335ce4fbd4f4467ea2b7ac5b23eafb,1eda26088ea79fa19646aa054327ecc8cb968fae26af828531eeddf2941a58b1,2.699662542182235,2.1822272215972993,-7.289088863892013,0.0
sparknet-c16-ptp,outputs/sparknet-c16-ptp/seed4,4,10,complete,outputs/sparknet-c16-ptp/seed4/reports/sparknet_dendritic_prune_experiment.yaml,0.9484814398200225,4636,396304,0.4,0.8985376827896513,2854,224806,0.9079865016872891,0.9025871766029246,0.9079865016872891,4114,226030,4042,3.0,skipped,,57,140,0,True,True,8,140,140,b4bb2157fb44b7bb8c808805a25267d36c1f42146742f720283758669d2c488d,83e81aa2e92b0dd589ac702504e79f034a23c0f9b5addd87b322a2f33bb4c5d0,add20b35e3dc345fb3ea7acc8adef8e537eaf03dde71630bae168d6d2e7e361a,0.9448818897637823,0.539932508436447,-4.049493813273342,0.0
sparknet-c16-ptp,outputs/sparknet-c16-ptp/seed4,4,11,complete,outputs/sparknet-c16-ptp/seed4/reports/sparknet_dendritic_prune_experiment.yaml,0.9484814398200225,4636,396304,0.3,0.904161979752531,3121,250359,0.9149606299212598,0.9082114735658042,0.9149606299212598,4381,251583,4309,3.0,skipped,,39,113,0,True,True,0,113,113,f6c835d2ec31daa3ec93165f6ba9c6c695286a168a4afc667be7262d49067e9e,2bd30b5f52926890a96a9b22597768e58d5f38c30b1adfbf9ccb357dbe416d39,910491422eb414d760fbf0f943baa1a85012ba94fde6048e0df75801803213bf,1.079865016872883,0.6749156355455588,-3.3520809898762716,0.0
sparknet-c16-ptp,outputs/sparknet-c16-ptp/seed4,4,13,complete,outputs/sparknet-c16-ptp/seed4/reports/sparknet_dendritic_prune_experiment.yaml,0.9484814398200225,4636,396304,0.2,0.9277840269966254,3691,305101,0.9316085489313836,0.9298087739032621,0.9316085489313836,4519,305905,4483,2.0,skipped,,37,137,0,True,True,24,137,137,9151f712004fb1d4e7e0f31a48c95d52b71e32edb54253f8ee35fea46eaf3bb2,c902a263385484657a34c3d80e8a8e247b8c29836034e25f5730b5a5b6dd9660,67fe25d03f682be19df58a4d741c033e16956a09fba56e26dd99bb5307e39460,0.38245219347581294,0.1799775028121453,-1.687289088863897,0.0
sparknet-c16-ptp,outputs/sparknet-c16-ptp/seed4,4,15,complete,outputs/sparknet-c16-ptp/seed4/reports/sparknet_dendritic_prune_experiment.yaml,0.9484814398200225,4636,396304,0.1,0.9354330708661417,4309,364691,0.9410573678290214,0.9361079865016873,0.9410573678290214,5569,365915,5497,3.0,skipped,,14,141,0,True,True,8,141,141,c73f5089c0674a339da902829e4bce9a4cabd8b2177d60472cd931660ae61c7a,5d9d926798f063698419d5cb1585a7abc0820659794df27848868b7bf24b5f55,4c9b4aa0711fdcd7f1ac1a1e7ca45d7840749856e3c5648dc77477604289bbf6,0.5624296962879693,0.49493813273341347,-0.7424071991001147,0.0
sparknet-c16-ptp,outputs/sparknet-c16-ptp/seed5,5,3,complete,outputs/sparknet-c16-ptp/seed5/reports/sparknet_dendritic_prune_experiment.yaml,0.9471316085489314,4636,396304,0.7,0.6114735658042745,1321,79871,0.6382452193475816,0.6294713160854893,0.6382452193475816,2581,81095,2509,3.0,skipped,,127,158,0,True,True,8,158,158,e468b3293c946ccfeef99581d4c072e6140f86023dfa94f0e59d94d5c275d81a,c34ff3eac8b2519bd84c5036d808e548d33a067543e047dc9aafbb3c5aaea574,08f174300664626aafa731ef81bfd066f6accee8d8fd4e5e502859d43377af72,2.677165354330713,0.8773903262092264,-30.88863892013498,0.0
sparknet-c16-ptp,outputs/sparknet-c16-ptp/seed5,5,6,complete,outputs/sparknet-c16-ptp/seed5/reports/sparknet_dendritic_prune_experiment.yaml,0.9471316085489314,4636,396304,0.6,0.7835770528683914,1906,134714,0.8303712035995501,0.8110236220472441,0.8303712035995501,3166,135938,3094,3.0,skipped,,87,190,0,True,True,8,190,190,9480ab1cd8134610a3538b8df99c6d72f265cbdbddc355b752df756c72bb9663,40b16c3d578b80c615a5b3e6c0dbb265aef26c656a91c633db800730f1c606e0,99dc64eeaec3498bd96199b380ff1bcab6162fc5a308dae3d1dc8ddded2e19f2,4.679415073115867,1.9347581552305981,-11.676040494938134,0.0
sparknet-c16-ptp,outputs/sparknet-c16-ptp/seed5,5,8,complete,outputs/sparknet-c16-ptp/seed5/reports/sparknet_dendritic_prune_experiment.yaml,0.9471316085489314,4636,396304,0.5,0.867941507311586,2356,177336,0.8839145106861642,0.876265466816648,0.8839145106861642,3616,178560,3544,3.0,skipped,,75,111,0,True,True,0,111,111,a9f8cff1593ba3590e7b9f854f6659be3c5aacdcad20eba244128c53fcd8d678,e6fdc8924bf461758a12d91b3f668781b0370b7a4789e24447bc5298256b59f2,3e26db455397569c1ec14f796decce2f871606b024a88b4f5cfe3b8ae5f6fa37,1.5973003374578187,0.7649043869516259,-6.321709786276719,0.0
sparknet-c16-ptp,outputs/sparknet-c16-ptp/seed5,5,10,complete,outputs/sparknet-c16-ptp/seed5/reports/sparknet_dendritic_prune_experiment.yaml,0.9471316085489314,4636,396304,0.4,0.9001124859392576,2854,224806,0.9082114735658042,0.9025871766029246,0.9082114735658042,4114,226030,4042,3.0,skipped,,73,102,0,True,True,0,102,102,5bd4fdcbd6a495ec1b48ac066aeed28331d9e33c5c62745f0421db04f4537cf9,cf2f2f517394962f3891d41b8f00441f9d6aaeea066b7c81c8223afc9a090e9f,9c543a379d9d79befc6a9fa42cc12132f0322c785ad1663a8873f74e44e07576,0.8098987626546594,0.5624296962879582,-3.8920134983127186,0.0
sparknet-c16-ptp,outputs/sparknet-c16-ptp/seed5,5,11,complete,outputs/sparknet-c16-ptp/seed5/reports/sparknet_dendritic_prune_experiment.yaml,0.9471316085489314,4636,396304,0.3,0.9088863892013498,3121,250359,0.9196850393700787,0.9113610798650169,0.9196850393700787,4381,251583,4309,3.0,skipped,,56,149,0,True,True,8,149,149,02e5538be446f8ad7860ce523303dda1c424a826d9e4e3ec460d88793a576605,60ddf937f9be29ff1402ecca9436ccdf5856f484a7ac51a02b360cd9f42003bf,4a0b63ebf2be1ccc0db5ac9b1a116f3a1b063849f9f0520f91b03e5759241084,1.079865016872894,0.8323959505061818,-2.7446569178852687,0.0
sparknet-c16-ptp,outputs/sparknet-c16-ptp/seed5,5,13,complete,outputs/sparknet-c16-ptp/seed5/reports/sparknet_dendritic_prune_experiment.yaml,0.9471316085489314,4636,396304,0.2,0.9293588301462318,3691,305101,0.933408323959505,0.930933633295838,0.933408323959505,4951,306325,4879,3.0,skipped,,49,110,0,True,True,0,110,110,18a9a0b5b2aae37751e5d308787c7081a0a10411e81f84cc11acb395cb2351aa,ae95dcd0ac0f808c9d157368aab0c81f0c2510ad27603b1acc972a3c0b5d5736,047e83ed378cad5737c5e338a62dbebbc0a06b266538959c8abb700ccecb0470,0.40494938132732416,0.24746906636670118,-1.3723284589426399,0.0
sparknet-c16-ptp,outputs/sparknet-c16-ptp/seed5,5,15,complete,outputs/sparknet-c16-ptp/seed5/reports/sparknet_dendritic_prune_experiment.yaml,0.9471316085489314,4636,396304,0.1,0.9367829021372328,4309,364691,0.9379077615298088,0.937007874015748,0.9379077615298088,5569,365915,5497,3.0,skipped,,23,127,0,True,True,8,127,127,bafcab51284806f7d1fdabe2d1ecb7a38acf05c1d8f3f4707d2c32d197746e89,3cbabf5099a123c25972470c95e949007e7dec322ee73cf89114ef22f62e94c6,5799e09bc33b79915701f2ad958afa3752f32d6cc6c8f00077e65c1bf66f77b0,0.11248593925760053,0.0899887514060782,-0.92238470191226,0.0
sparknet-c16g16-ptp,outputs/sparknet-c16g16-ptp/seed0,0,6,complete,outputs/sparknet-c16g16-ptp/seed0/reports/sparknet_dendritic_prune_experiment.yaml,0.9529808773903262,4140,370256,0.6,0.7505061867266591,1570,124826,0.8067491563554555,0.8002249718785152,0.8067491563554555,2254,125474,2182,3.0,skipped,,98,198,0,True,True,8,198,198,60bd53e6772b20ecdce35ac12c7b7443ad7fbbcaa9eef04df88fcd561576043e,c1f1b0c89b7c2f0b68baa255c681f26e78c09e2d9bbd9471aa1c2a9856497db9,c90d6a42179ba02f9bf6f8a28f24f5ec2b97fc1dacfa915dbc704a7019cba883,5.624296962879638,0.6524184476940365,-14.62317210348707,0.0
sparknet-c16g16-ptp,outputs/sparknet-c16g16-ptp/seed0,0,8,complete,outputs/sparknet-c16g16-ptp/seed0/reports/sparknet_dendritic_prune_experiment.yaml,0.9529808773903262,4140,370256,0.5,0.8384701912260968,1988,164216,0.8818897637795275,0.8663667041619798,0.8818897637795275,2672,164864,2600,3.0,skipped,,69,203,0,True,True,0,203,203,96f1b7e256cd5f6d6842ba546f2235c41ff520c764eaedddb4cbe004a934a09e,29887ef8995ec9e70efe1143c97798bd9c552e10700d3982bb67841f9f4b6aa7,b1224b24349ec4fc3b50f8f23617bdd18a19d8eef4168d535b06af2231b14386,4.341957255343076,1.552305961754774,-7.109111361079867,0.0
sparknet-c16g16-ptp,outputs/sparknet-c16g16-ptp/seed0,0,10,complete,outputs/sparknet-c16g16-ptp/seed0/reports/sparknet_dendritic_prune_experiment.yaml,0.9529808773903262,4140,370256,0.4,0.889763779527559,2454,208454,0.896962879640045,0.8935883014623172,0.896962879640045,2898,208874,2862,2.0,skipped,,90,127,0,True,True,24,127,127,c194718d7c55802c19283f3c944f069e1f8d66e07eed7ddeca095f8b55fc7924,1bdec38a0256a7fd8f83371c2e3cc864fa7061069f02ffe93236b4fe73545068,8ef1f06f59f47e61401a84503869a88485ff5e7f7c0bcfb97e3b5f59c161608f,0.7199100112485923,0.3374578177727794,-5.601799775028127,0.0
sparknet-c16g16-ptp,outputs/sparknet-c16g16-ptp/seed0,0,12,complete,outputs/sparknet-c16g16-ptp/seed0/reports/sparknet_dendritic_prune_experiment.yaml,0.9529808773903262,4140,370256,0.3,0.9217097862767154,2968,257540,0.9282339707536558,0.9228346456692913,0.9282339707536558,3652,258188,3580,3.0,skipped,,45,99,0,True,True,0,99,99,24680961c172aad1cd72363be6867166eec5d8ac0432b7916c5a3f0bcb8e4332,a3e1c263c96f75ca4f003a2761475df43d2759cdf2bec16340ccf522424d19d7,5d7082c5480d5fcc575416e4f4185c8327683d6e0994d077eeea22706677f722,0.6524184476940365,0.539932508436447,-2.474690663667045,0.0
sparknet-c16g16-ptp,outputs/sparknet-c16g16-ptp/seed0,0,13,complete,outputs/sparknet-c16g16-ptp/seed0/reports/sparknet_dendritic_prune_experiment.yaml,0.9529808773903262,4140,370256,0.2,0.9349831271091114,3243,283901,0.9392575928008999,0.9352080989876266,0.9392575928008999,3927,284549,3855,3.0,skipped,,54,106,0,True,True,0,106,106,abcb650a7ec09b508a2ffeec8733e93bb0535f3ca90770db92d85bf409c0eb8a,68be09078d75c51e5193681f47acaf1c24cee0a48481ea7aa94b6f53f1e30a8a,c2e02e343542edc8558aaef7da5b8b8a019c462081bb0394e20ce3e020bf41e9,0.4274465691788576,0.40494938132733527,-1.3723284589426288,0.0
sparknet-c16g16-ptp,outputs/sparknet-c16g16-ptp/seed0,0,15,complete,outputs/sparknet-c16g16-ptp/seed0/reports/sparknet_dendritic_prune_experiment.yaml,0.9529808773903262,4140,370256,0.1,0.9446569178852643,3829,340259,0.9444319460067492,0.9435320584926884,0.9444319460067492,4513,340907,4441,3.0,skipped,,30,126,0,True,True,16,126,126,a6d7fe1e376a0b1ca873a9d2f7cf4643f8631f55e17c24146ea9228589c580dc,32cde2e0a68ebb0efa1011d0375d665eb48d0ed2dd377eb1603e3f1daaeed39f,ed8a891a00837d9c4f5795ff2cf72116f6b12aa602b239ce3652aa29db7df44d,-0.022497187851511224,0.0899887514060782,-0.8548931383577041,0.0
sparknet-c16g16-ptp,outputs/sparknet-c16g16-ptp/seed1,1,6,complete,outputs/sparknet-c16g16-ptp/seed1/reports/sparknet_dendritic_prune_experiment.yaml,0.946681664791901,4140,370256,0.6,0.7820022497187852,1570,124826,0.8101237345331833,0.784251968503937,0.8101237345331833,2254,125474,2182,3.0,skipped,,102,135,0,True,True,0,135,135,f9ebea7dd9f5d9e68d1a87ef40130e411fa6e83ae02a1a738e4f49e4406bfc6d,82911c64cc0c65fc444bd24a68a6531f2f48bec169092cf591d4cb7aaf765d49,ef3a77eb58573f01f2a24b383d3e676707636fb1f7bef5b8080632740727888b,2.8121484814398134,2.5871766029246346,-13.655793025871766,0.0
sparknet-c16g16-ptp,outputs/sparknet-c16g16-ptp/seed1,1,8,complete,outputs/sparknet-c16g16-ptp/seed1/reports/sparknet_dendritic_prune_experiment.yaml,0.946681664791901,4140,370256,0.5,0.8119235095613049,1988,164216,0.8458942632170978,0.8195725534308211,0.8458942632170978,2672,164864,2600,3.0,skipped,,84,150,0,True,True,0,150,150,4b00d499a726fb6160c2bdefc86d6b97e88b82cb7fd47736e20709ddd3e1d6f2,45aff6158333bea45a66417b9ca88793f118a4eb89554312a9225d7d905203f6,c3c8d812db7dd6770382e3cd67f947d63e101b5991ae934f822a416ea46b240c,3.397075365579294,2.632170978627668,-10.078740157480315,0.0
sparknet-c16g16-ptp,outputs/sparknet-c16g16-ptp/seed1,1,10,complete,outputs/sparknet-c16g16-ptp/seed1/reports/sparknet_dendritic_prune_experiment.yaml,0.946681664791901,4140,370256,0.4,0.8760404949381327,2454,208454,0.8854893138357706,0.8791901012373453,0.8854893138357706,3138,209102,3066,3.0,skipped,,92,127,0,True,True,8,127,127,fc480c748dd49f46b39105a54c379d100b8eec01cb70ed8c7a256439db464586,513faf95fed795d2eb3459db8e20080b38ee776c0cf65d13d56b0e0a6408f547,5589428d105a08590b46d6e2106563535ad35610c73540d4e1d4c2351b0ca4b7,0.9448818897637823,0.6299212598425252,-6.119235095613041,0.0
sparknet-c16g16-ptp,outputs/sparknet-c16g16-ptp/seed1,1,12,complete,outputs/sparknet-c16g16-ptp/seed1/reports/sparknet_dendritic_prune_experiment.yaml,0.946681664791901,4140,370256,0.3,0.9012373453318335,2968,257540,0.9136107986501687,0.9061867266591676,0.9136107986501687,3652,258188,3580,3.0,skipped,,46,121,0,True,True,0,121,121,d3ee38b20cbe0c506786ce665f02da4ba8dc168367f40dd77863432233bc69da,61afd8e1c89f55cda87d63e230c14ac5d7276f37c4c3760ecd630dde8909abdd,3cc5c436dd6298fb146770ce9d82ae7834b75c022ea69bc3ae1899d828814202,1.237345331833517,0.7424071991001147,-3.307086614173227,0.0
sparknet-c16g16-ptp,outputs/sparknet-c16g16-ptp/seed1,1,13,complete,outputs/sparknet-c16g16-ptp/seed1/reports/sparknet_dendritic_prune_experiment.yaml,0.946681664791901,4140,370256,0.2,0.9149606299212598,3243,283901,0.9212598425196851,0.918785151856018,0.9212598425196851,3927,284549,3855,3.0,skipped,,49,104,0,True,True,0,104,104,b5c64e4e467db4233916b7069173d4c56d2fd96984325ed7d43be88d1012f439,d7fdb7e57de3ea00202de97af2b0667b24c00a53d7a67ca05efd9f3f32874494,d2c5e3a1c30bdf30f62720067d0ae77a807b98f3a81eaad460fb28ede1006c40,0.6299212598425252,0.2474690663667123,-2.54218222722159,0.0
sparknet-c16g16-ptp,outputs/sparknet-c16g16-ptp/seed1,1,15,complete,outputs/sparknet-c16g16-ptp/seed1/reports/sparknet_dendritic_prune_experiment.yaml,0.946681664791901,4140,370256,0.1,0.937007874015748,3829,340259,0.9435320584926884,0.9401574803149606,0.9435320584926884,4273,340679,4237,2.0,skipped,,16,152,0,True,True,24,152,152,828e09fe30f1960a84d0a159789a259ff9ea7f002fa1765a5be914c85489694c,8ef6b26a80771c6cf18eb1da68e638718008aefe6fe39241b645169cea4c1d30,e5184ad028f38aa791e2e86f977949950119f7cef216a2b440a1bf6d51e6ba0a,0.6524184476940365,0.3374578177727794,-0.31496062992125706,0.0
sparknet-c16g16-ptp,outputs/sparknet-c16g16-ptp/seed2,2,6,complete,outputs/sparknet-c16g16-ptp/seed2/reports/sparknet_dendritic_prune_experiment.yaml,0.9489313835770529,4140,370256,0.6,0.7714285714285715,1570,124826,0.7950506186726659,0.7772778402699663,0.7950506186726659,2254,125474,2182,3.0,skipped,,109,112,0,True,True,0,112,112,0c88a33fe4eaafb9700bfec4bcbfc9e1d60fdb301f778e1fdad1e7c191a0521c,d9ddf6552311e36a9172355440c232686a1434237d27f0cb2371dc080c4e89fb,113f08960fe7af8c930505b864dfa425b850fbab297fad3410a08a72e2140aa6,2.3622047244094446,1.777277840269964,-15.388076490438696,0.0
sparknet-c16g16-ptp,outputs/sparknet-c16g16-ptp/seed2,2,8,complete,outputs/sparknet-c16g16-ptp/seed2/reports/sparknet_dendritic_prune_experiment.yaml,0.9489313835770529,4140,370256,0.5,0.8434195725534308,1988,164216,0.8688413948256468,0.8636670416197976,0.8688413948256468,2672,164864,2600,3.0,skipped,,62,150,0,True,True,0,150,150,c37e848fec19ea30a44fb8234dd36d59adec86ebaec339c9a02ecbcb31d8ff5f,d410b73ebd72bf6f75c7bc5cdea10e2172b21d88faa757cf41b39fbcf98de220,f9e0f30ecf88e13088b0d3f1034ea40e263ab7c2909b1860457f28b2607cc113,2.542182227221601,0.5174353205849247,-8.008998875140605,0.0
sparknet-c16g16-ptp,outputs/sparknet-c16g16-ptp/seed2,2,10,complete,outputs/sparknet-c16g16-ptp/seed2/reports/sparknet_dendritic_prune_experiment.yaml,0.9489313835770529,4140,370256,0.4,0.9014623172103488,2454,208454,0.9039370078740158,0.9016872890888639,0.9039370078740158,3138,209102,3066,3.0,skipped,,86,123,0,True,True,8,123,123,65f1c68f4624d3457e8c037aea5bf42cc2dad3ed6cf1ab91984e9f5314ddd995,f97533ac4c79e7a9827b89cfba4e0219da3841bb30900236b427cb675184848c,1810bb8779001780ba70e41dcb3681edfb5580f1c458add51d907e38f0d13c52,0.24746906636670118,0.22497187851518996,-4.49943757030371,0.0
sparknet-c16g16-ptp,outputs/sparknet-c16g16-ptp/seed2,2,12,complete,outputs/sparknet-c16g16-ptp/seed2/reports/sparknet_dendritic_prune_experiment.yaml,0.9489313835770529,4140,370256,0.3,0.9280089988751407,2968,257540,0.9329583802024747,0.9286839145106862,0.9329583802024747,3652,258188,3580,3.0,skipped,,59,108,0,True,True,0,108,108,2010dbf0571ae190ab78c56513b67fba199dcf0cbb3db996758685693489da2d,6f81e38beca1fe6f1d1bf1be23476774210dfd7d9acf7f2d4bf640143f5c308d,521c331d0dd29d69f0389b25e69a62870f73c857e0fc32066abaaff76d73840d,0.49493813273340237,0.4274465691788465,-1.5973003374578187,0.0
sparknet-c16g16-ptp,outputs/sparknet-c16g16-ptp/seed2,2,13,complete,outputs/sparknet-c16g16-ptp/seed2/reports/sparknet_dendritic_prune_experiment.yaml,0.9489313835770529,4140,370256,0.2,0.9316085489313836,3243,283901,0.9322834645669291,0.9304836895388077,0.9322834645669291,3927,284549,3855,3.0,skipped,,45,78,0,True,True,0,78,78,1e7b1e9443b35eb0e712a0c0d3e57b157084d0b5776099767e7004eb8967445c,ac9e1379dadd8ac96895ef4df5247722b58bb4182aaa1f853069cfba77105e19,e1f6ad11ed57269251015ee01adf05998218a829c0b5f5e2d4a809dc708a39b8,0.06749156355455588,0.1799775028121453,-1.6647919010123746,0.0
sparknet-c16g16-ptp,outputs/sparknet-c16g16-ptp/seed2,2,15,complete,outputs/sparknet-c16g16-ptp/seed2/reports/sparknet_dendritic_prune_experiment.yaml,0.9489313835770529,4140,370256,0.1,0.9408323959505062,3829,340259,0.9439820022497187,0.9428571428571428,0.9439820022497187,4045,340463,4033,1.0,skipped,,15,154,0,True,True,24,154,154,981c7a5230cc046d7c2ae96990219d7cf1c1230ab246597034a0fc689126fb08,c1e14dc0c7c6a79acd8368220b71438c304571e5f6281f4a677aa2a754ac8f81,19dcf1f156a7c3641d1f4aa01f21c5463e872ec746235f334ec85335d792bd0e,0.31496062992125706,0.11248593925758943,-0.49493813273341347,0.0
sparknet-c16g16-ptp,outputs/sparknet-c16g16-ptp/seed3,3,6,complete,outputs/sparknet-c16g16-ptp/seed3/reports/sparknet_dendritic_prune_experiment.yaml,0.9534308211473566,4140,370256,0.6,0.774578177727784,1570,124826,0.7876265466816648,0.779302587176603,0.7876265466816648,2254,125474,2182,3.0,skipped,,102,116,0,True,True,0,116,116,565d19cfdb6bfe66a7dd34f8e5d27cea9bc8098477338805439160b0619ae67f,377af79acd5aa41a747ccdb9276a8e25669342cd18d346c697c85e15772fda64,215f8bfb1d531124b2112485be285135ece82466c6a3ec4c31ce2a792aa72754,1.304836895388073,0.8323959505061818,-16.58042744656918,0.0
sparknet-c16g16-ptp,outputs/sparknet-c16g16-ptp/seed3,3,8,complete,outputs/sparknet-c16g16-ptp/seed3/reports/sparknet_dendritic_prune_experiment.yaml,0.9534308211473566,4140,370256,0.5,0.8517435320584927,1988,164216,0.8677165354330708,0.8553430821147356,0.8677165354330708,2672,164864,2600,3.0,skipped,,75,118,0,True,True,0,118,118,4b4fba25c193deaa8ce94c640252f8ae7283c2b7cd6330a93de8b99762311875,24e3568928c5ec75ef4400b2e1dfe705d181886c4319b73f8f41f5e57372c53f,3b6c83d3d6906cac499d9340c16949754ddaa8baa9b5e67ed9697871692e4185,1.5973003374578076,1.237345331833517,-8.571428571428575,0.0
sparknet-c16g16-ptp,outputs/sparknet-c16g16-ptp/seed3,3,10,complete,outputs/sparknet-c16g16-ptp/seed3/reports/sparknet_dendritic_prune_experiment.yaml,0.9534308211473566,4140,370256,0.4,0.875140607424072,2454,208454,0.8940382452193476,0.884814398200225,0.8940382452193476,3138,209102,3066,3.0,skipped,,50,130,0,True,True,0,130,130,86bc4eb2592bb36b3f1fb8d6364eaba9aeb14d50b040af86c2bbace9dd7e44f0,f0b090fc0d15796c2ac781695f6a497706b114fcbc2fcd4f89d64c2dfdfaa511,9ddcc8f1477d6c5dfa4cfbf0a10c976a00beb9de5cbc2cc786dc53e5adc4c6ff,1.8897637795275646,0.92238470191226,-5.939257592800895,0.0
sparknet-c16g16-ptp,outputs/sparknet-c16g16-ptp/seed3,3,12,complete,outputs/sparknet-c16g16-ptp/seed3/reports/sparknet_dendritic_prune_experiment.yaml,0.9534308211473566,4140,370256,0.3,0.9138357705286839,2968,257540,0.922384701912261,0.9181102362204724,0.922384701912261,3652,258188,3580,3.0,skipped,,41,95,0,True,True,0,95,95,88c0a639b33b989ba561d71608dc2ef7f3e4bba2fa9cd72d98ca53bb8a04cf44,275baf0971abc3636ebe165090fb4ae31b591caa204f81abb1ddcc6a41f9476c,b38d39f3bff873b1c42e141b86ffa42ade6a31beb9bc582b66f95a7cd15b9d26,0.8548931383577041,0.4274465691788576,-3.1046119235095593,0.0
sparknet-c16g16-ptp,outputs/sparknet-c16g16-ptp/seed3,3,13,complete,outputs/sparknet-c16g16-ptp/seed3/reports/sparknet_dendritic_prune_experiment.yaml,0.9534308211473566,4140,370256,0.2,0.928458942632171,3243,283901,0.9336332958380202,0.9311586051743532,0.9336332958380202,3927,284549,3855,3.0,skipped,,34,178,0,True,True,16,178,178,b5cefc5aaa2067ae44c7b2e33276775c748d686cafdf8c2d0739a8fe6a1efae5,4d907bbc7fa15b18e3dd709f614afe2458ebe68ff4c073d1490e695a53a0f9bc,9547cf517afc1c2e6f5cffed49521016abfc801b4f565ba870187b92f577bf25,0.5174353205849247,0.24746906636670118,-1.9797525309336317,0.0
sparknet-c16g16-ptp,outputs/sparknet-c16g16-ptp/seed3,3,15,complete,outputs/sparknet-c16g16-ptp/seed3/reports/sparknet_dendritic_prune_experiment.yaml,0.9534308211473566,4140,370256,0.1,0.9455568053993251,3829,340259,0.9473565804274465,0.9469066366704162,0.9473565804274465,4045,340463,4033,1.0,skipped,,19,111,0,True,True,24,111,111,fcacbae76baebdb47e1ac6f0d91fea5001ee33e2eed1807f7136ad7a5cf570df,5dc050f54a789e9ccfa3e378c61b15bdaf958669819dd144479c88bca58ee4dc,90805f577af69fea0fb0d54f27ea08ba6ac6f0882aa7ae52259128387010e59f,0.1799775028121453,0.04499437570303355,-0.6074240719910029,0.0
sparknet-c16g16-ptp,outputs/sparknet-c16g16-ptp/seed4,4,6,complete,outputs/sparknet-c16g16-ptp/seed4/reports/sparknet_dendritic_prune_experiment.yaml,0.947806524184477,4140,370256,0.6,0.7673790776152981,1570,124826,0.8053993250843644,0.7948256467941507,0.8053993250843644,2254,125474,2182,3.0,skipped,,92,158,0,True,True,0,158,158,c7c08cb704c252b25e763ccd08a942f124388ea3ec08df510b546802b854bfb9,5a46b927f0ceb52645933a9436e64b27669144a3fe20c955108141fe42296259,99b0fad5f783ee5941ed3c4a5a90ec946d6bbf713682186b8eca2b120899adf6,3.8020247469066293,1.0573678290213717,-14.240719910011258,0.0
sparknet-c16g16-ptp,outputs/sparknet-c16g16-ptp/seed4,4,8,complete,outputs/sparknet-c16g16-ptp/seed4/reports/sparknet_dendritic_prune_experiment.yaml,0.947806524184477,4140,370256,0.5,0.8510686164229472,1988,164216,0.8740157480314961,0.8663667041619798,0.8740157480314961,2672,164864,2600,3.0,skipped,,97,110,0,True,True,0,110,110,26cbb9c2c65aade1ee4ec37a4cbdfa13a23519c2eed7c5e531863e18999d64c5,354c1e743f9e92b34f93add5d52c9031b1d62c042135d1004466db266a0cbd69,2e493f7830b3caffa8358cc4de8152135839db75d71bd5f30d4d90d90c62d09c,2.2947131608548887,0.7649043869516259,-7.37907761529809,0.0
sparknet-c16g16-ptp,outputs/sparknet-c16g16-ptp/seed4,4,10,complete,outputs/sparknet-c16g16-ptp/seed4/reports/sparknet_dendritic_prune_experiment.yaml,0.947806524184477,4140,370256,0.4,0.8924634420697413,2454,208454,0.8985376827896513,0.8944881889763779,0.8985376827896513,3138,209102,3066,3.0,skipped,,89,114,0,True,True,0,114,114,aa2801fd84d20d984c3eb7da916c4ac847d5e0fcd9ebace2a2055909d893a033,b0094b30a2d20e68ebaf83c2191286aa4a0c3d484fc4e7fdf6d4f704eae228ec,8a11e56e0f63700f341e8cc42bfb9c174283ac00bd47775b49cd9ed53df3e91b,0.6074240719910029,0.40494938132733527,-4.926884139482568,0.0
sparknet-c16g16-ptp,outputs/sparknet-c16g16-ptp/seed4,4,12,complete,outputs/sparknet-c16g16-ptp/seed4/reports/sparknet_dendritic_prune_experiment.yaml,0.947806524184477,4140,370256,0.3,0.904161979752531,2968,257540,0.9169853768278965,0.9088863892013498,0.9169853768278965,3652,258188,3580,3.0,skipped,,49,126,0,True,True,0,126,126,a4bebaadac44c9e58c908e2c9768e6e4c4f035192745551175ba699e29c0ecf1,a8d52591687471c97a5813e93a398cb0f889902a40ec1d9c20dbf6d8c6d250cf,79f4fb525b22c3e9304c5bbceee79f2e5095c6c46c2b85cad3e36e509f7c7696,1.2823397075365506,0.8098987626546705,-3.082114735658048,0.0
sparknet-c16g16-ptp,outputs/sparknet-c16g16-ptp/seed4,4,13,complete,outputs/sparknet-c16g16-ptp/seed4/reports/sparknet_dendritic_prune_experiment.yaml,0.947806524184477,4140,370256,0.2,0.9253093363329584,3243,283901,0.9300337457817773,0.9241844769403824,0.9300337457817773,3927,284549,3855,3.0,skipped,,52,113,0,True,True,0,113,113,343c8d6cd8871c1cef149b262f5b28489feb468947b2be985a16fd7c3853b2d7,6d48c43d2a1c8a271079c958d2cdce18b421b1245fb355674f45cd726d17c6e4,9d138298b8891385e1339c32a5d197d982f5d69aeec6c6c57d4dfaa1fe0659d1,0.47244094488189115,0.5849268841394917,-1.777277840269964,0.0
sparknet-c16g16-ptp,outputs/sparknet-c16g16-ptp/seed4,4,15,complete,outputs/sparknet-c16g16-ptp/seed4/reports/sparknet_dendritic_prune_experiment.yaml,0.947806524184477,4140,370256,0.1,0.9385826771653544,3829,340259,0.9415073115860517,0.940607424071991,0.9415073115860517,4273,340679,4237,2.0,skipped,,21,142,0,True,True,24,142,142,8d705025c387b1c03c4ece9dde3959b5d45d85a7cc998a858f3bd584944df74a,34155637851969b6c578ca6df81556e923e4d811df2e1ffa4d5d4429fd3bc2f5,b864b3e11b42217552a49b6942750ae150804ca24bc05d156036b062fd3dd3e7,0.29246344206973474,0.0899887514060671,-0.6299212598425252,0.0
sparknet-c18g8-ptp,outputs/sparknet-c18g8-ptp/seed0,0,8,complete,outputs/sparknet-c18g8-ptp/seed0/reports/sparknet_dendritic_prune_experiment.yaml,0.9545556805399326,4534,419246,0.6,0.8308211473565804,1804,157656,0.8492688413948256,0.8402699662542182,0.8492688413948256,2200,158016,2128,3.0,skipped,,76,124,0,True,True,0,124,124,15ac5101087630e46af7c10e4dae21833f7045ec5fa2f15b9ed79781a9daa1e0,3a0f5d8e226324cbf329d58e2a6e9854492ef2ca85aa35b86cda9265020d46ea,165953c0b84e8903e337e57c098cc95e0f773d61e69cfb18451a30fe97c9a82f,1.84476940382452,0.8998875140607376,-10.528683914510694,0.0
sparknet-c18g8-ptp,outputs/sparknet-c18g8-ptp/seed0,0,10,complete,outputs/sparknet-c18g8-ptp/seed0/reports/sparknet_dendritic_prune_experiment.yaml,0.9545556805399326,4534,419246,0.5,0.8780652418447694,2254,200278,0.8902137232845895,0.8809898762654668,0.8902137232845895,2650,200638,2578,3.0,skipped,,76,115,0,True,True,0,115,115,d012a5f1d35e93ee541e339c05dc3cb6184187e399386354e93b9971c384de64,7bd574aaf843da1ee13194726ec27c2faaebae0fe56e52bf798c5e5c682c1d0c,83d0bc05f8e6783ecd47b606267ef9a9dbc294241a372c91b466089f0a9e34e9,1.2148481439820058,0.9223847019122711,-6.434195725534309,0.0
sparknet-c18g8-ptp,outputs/sparknet-c18g8-ptp/seed0,0,12,complete,outputs/sparknet-c18g8-ptp/seed0/reports/sparknet_dendritic_prune_experiment.yaml,0.9545556805399326,4534,419246,0.4,0.9142857142857143,2752,247748,0.9174353205849269,0.9138357705286839,0.9174353205849269,3148,248108,3076,3.0,skipped,,87,89,0,True,True,0,89,89,1f436aa8c31fad8045b43bbd63ab54554f9424ba8bfdadb36886ab2aec4fc74f,9818e96f0d9678c8c93498fc4b8cd6ab37c06587ac3ec1429d3c24a597a625d7,cdd5cb745799ecded57662ce1c5ffd2813aa92380728b3bdf1f9921d1b1e3c4d,0.31496062992126816,0.3599550056243017,-3.712035995500562,0.0
sparknet-c18g8-ptp,outputs/sparknet-c18g8-ptp/seed0,0,14,complete,outputs/sparknet-c18g8-ptp/seed0/reports/sparknet_dendritic_prune_experiment.yaml,0.9545556805399326,4534,419246,0.3,0.934533183352081,3298,300066,0.9363329583802025,0.9343082114735658,0.9363329583802025,3694,300426,3622,3.0,skipped,,53,93,0,True,True,8,93,93,ea1d4b36c1af80b2aea125f8e7cf9e9e9784d17e94e3af5389134928759148ac,ac29fb4b01780a698f9e9ca14a0ddaeff1dcd5d88611080544538abb38000c78,008eed042091a31421493ec757bd6c24f615753d9ddd4d4731e37ac257121717,0.1799775028121453,0.20247469066366763,-1.8222722159730087,0.0
sparknet-c18g8-ptp,outputs/sparknet-c18g8-ptp/seed0,0,15,complete,outputs/sparknet-c18g8-ptp/seed0/reports/sparknet_dendritic_prune_experiment.yaml,0.9545556805399326,4534,419246,0.2,0.9365579302587177,3589,328043,0.9397075365579303,0.9376827896512936,0.9397075365579303,3841,328271,3805,2.0,skipped,,22,143,0,True,True,24,143,143,20214b201a4fccba23fd4692cdb2a6814a90658dd172fc911da23841e8560fe8,416fc5b41215ee74301bfaa00e212afcd45868ef655a4bcb183d27a4596ff2df,7201798d23481054c1c0feac91c168ac9b2ae084ebab515247a19e7579260d2f,0.31496062992125706,0.20247469066366763,-1.4848143982002293,0.0
sparknet-c18g8-ptp,outputs/sparknet-c18g8-ptp/seed0,0,17,complete,outputs/sparknet-c18g8-ptp/seed0/reports/sparknet_dendritic_prune_experiment.yaml,0.9545556805399326,4534,419246,0.1,0.9505061867266592,4207,387633,0.9505061867266592,0.950281214848144,0.9505061867266592,4459,387861,4423,2.0,skipped,,19,132,0,True,True,24,132,132,5a6d0fa67d49ee21d00f0f2bef55766095d23e16092b681c80adf18642cb38f6,68c32b3c33b4604472cdb974a27a2a4492adb9023d2e6d33641466911e6bc33a,0ca189f36f77e5cb18bcad508f8db196d5841ab4da849dda07b3a1b6d80b05b0,0.0,0.022497187851522327,-0.40494938132733527,0.0
sparknet-c18g8-ptp,outputs/sparknet-c18g8-ptp/seed1,1,8,complete,outputs/sparknet-c18g8-ptp/seed1/reports/sparknet_dendritic_prune_experiment.yaml,0.947806524184477,4534,419246,0.6,0.7934758155230596,1804,157656,0.8114735658042744,0.7975253093363329,0.8114735658042744,2200,158016,2128,3.0,skipped,,91,134,0,True,True,0,134,134,afba03ba6421fd717a122197bab0ecc5a12c6c4dd75f83e4c29f5b607856b53a,03becba3c63b88b5b7b05c8985729a81b61609d19639b3287ff7f3ccae95c8dd,c9386904fe920fd65f5b3e9ebafbfb071b8944a396d87dc7de50020787633d6a,1.7997750281214864,1.394825646794151,-13.633295838020254,0.0
sparknet-c18g8-ptp,outputs/sparknet-c18g8-ptp/seed1,1,10,complete,outputs/sparknet-c18g8-ptp/seed1/reports/sparknet_dendritic_prune_experiment.yaml,0.947806524184477,4534,419246,0.5,0.8438695163104611,2254,200278,0.8737907761529808,0.8668166479190101,0.8737907761529808,2650,200638,2578,3.0,skipped,,66,144,0,True,True,8,144,144,3549ec08fc59081a0737abab53e9843dc62280e3acf65205d6b45001324f528c,fd4805715fb6e16e50cf554046edf5f4215870f5feb2955ca796df31307d782a,2edcab70e4c1da441afedaee91c2ebd83d4bac5908c1c002046e569dcc8d997a,2.99212598425197,0.69741282339707,-7.401574803149613,0.0
sparknet-c18g8-ptp,outputs/sparknet-c18g8-ptp/seed1,1,12,complete,outputs/sparknet-c18g8-ptp/seed1/reports/sparknet_dendritic_prune_experiment.yaml,0.947806524184477,4534,419246,0.4,0.9012373453318335,2752,247748,0.9136107986501687,0.904161979752531,0.9136107986501687,3148,248108,3076,3.0,skipped,,57,127,0,True,True,8,127,127,a1dd27c4f910b408a31e5a5db7b157dfbb2028dbf7b735e55e640f1b5e6d65ec,1a3768e3746c28d6d9b09e34c1dd3cedf3d89dd28225856d460159f98a430dcf,c3f990143baad1297d52d069d5ac2cf54fa1bc7793072adff55a709a7e98c7eb,1.237345331833517,0.9448818897637712,-3.4195725534308274,0.0
sparknet-c18g8-ptp,outputs/sparknet-c18g8-ptp/seed1,1,14,complete,outputs/sparknet-c18g8-ptp/seed1/reports/sparknet_dendritic_prune_experiment.yaml,0.947806524184477,4534,419246,0.3,0.9160854893138358,3298,300066,0.9302587176602924,0.9178852643419573,0.9302587176602924,3694,300426,3622,3.0,skipped,,35,118,0,True,True,0,118,118,16676263e839c6c44cda3446eb71eddbbcace2fea1920a3d25d5dc8fae1f0c41,0308488e58c40833fa09e6c9de40d48af8bdab865707a3483b9a7bfa26c59f45,049367398a5c079d5751db84b0e36f9e147852a802d91805104b1c4e516b74e9,1.4173228346456623,1.237345331833517,-1.7547806524184528,0.0
sparknet-c18g8-ptp,outputs/sparknet-c18g8-ptp/seed1,1,15,complete,outputs/sparknet-c18g8-ptp/seed1/reports/sparknet_dendritic_prune_experiment.yaml,0.947806524184477,4534,419246,0.2,0.930933633295838,3589,328043,0.9365579302587177,0.9338582677165355,0.9365579302587177,3841,328271,3805,2.0,skipped,,30,160,0,True,True,24,160,160,338af736b9944488edc5a389682f08a0e55837486ad5c3f720d01a1e0338a580,048322d16de0aecfe09cf6f124c20e724f29c34a6225489e70f1aa23ca047c74,8fe8cff16089e770c9c2c42e1f9581529db66a03f7f5db74770d473a15a69033,0.5624296962879693,0.2699662542182235,-1.1248593925759276,0.0
sparknet-c18g8-ptp,outputs/sparknet-c18g8-ptp/seed1,1,17,complete,outputs/sparknet-c18g8-ptp/seed1/reports/sparknet_dendritic_prune_experiment.yaml,0.947806524184477,4534,419246,0.1,0.9417322834645669,4207,387633,0.9444319460067492,0.9426321709786277,0.9444319460067492,4459,387861,4423,2.0,skipped,,19,144,0,True,True,24,144,144,753eac4b5f28c68592c13fc258bc1209b67f566a6c796cd65b030ce88c3d97eb,21c19d176aefe2fef362860e29f83817989a18d26c4c18c13cf05abe9440cdf4,22a58a2692a8db4ade31c43c1d30616c3b3740cf4451b66032a66d1328779b88,0.2699662542182235,0.1799775028121453,-0.3374578177727794,0.0
sparknet-c18g8-ptp,outputs/sparknet-c18g8-ptp/seed2,2,8,complete,outputs/sparknet-c18g8-ptp/seed2/reports/sparknet_dendritic_prune_experiment.yaml,0.9453318335208098,4534,419246,0.6,0.8308211473565804,1804,157656,0.8409448818897638,0.8337457817772779,0.8409448818897638,2200,158016,2128,3.0,skipped,,83,90,0,True,True,0,90,90,a39a57ad820c834f243efd30153eed1b0507fcf0493f458fc53bf61ef612066a,1f3ce4c4027d83e989cec1b6b6f317ea7d5e8efb847797142d78c39b394481e0,4f90fe3274ee0d2808f297f46f1052dda22203eba84b9679b122c8f2b9182596,1.0123734533183382,0.7199100112485923,-10.438695163104605,0.0
sparknet-c18g8-ptp,outputs/sparknet-c18g8-ptp/seed2,2,10,complete,outputs/sparknet-c18g8-ptp/seed2/reports/sparknet_dendritic_prune_experiment.yaml,0.9453318335208098,4534,419246,0.5,0.8616422947131609,2254,200278,0.8776152980877391,0.865466816647919,0.8776152980877391,2650,200638,2578,3.0,skipped,,71,158,0,True,True,16,158,158,98389942262546d0dea223856ee872dcfb0379e61650b4942f3415f946ef1310,da922ad2c165b2d1d716a7369d2deab6beffd01f88683ec0df95b506e09b6ad7,a88dcf8d5b7ed0faa49b965561d0ef068ccab069a15075d2cb461b2caf08b706,1.5973003374578187,1.2148481439820058,-6.771653543307076,0.0
sparknet-c18g8-ptp,outputs/sparknet-c18g8-ptp/seed2,2,12,complete,outputs/sparknet-c18g8-ptp/seed2/reports/sparknet_dendritic_prune_experiment.yaml,0.9453318335208098,4534,419246,0.4,0.8866141732283465,2752,247748,0.9025871766029246,0.8974128233970754,0.9025871766029246,3148,248108,3076,3.0,skipped,,47,98,0,True,True,0,98,98,02f7c210ce7b4d7da737d921e775195bb1a745529e94c03f6a11da35b2dee6aa,7938d2057927d4ca9e1eb1ec240c6dd4ef0d9ea67520d7f2815a3baa8c8b2439,ccf7312b0ff64155ab292bc1c30bf3d266bf2aa0fe7501f074a3ba1eba7ff515,1.5973003374578187,0.5174353205849247,-4.274465691788521,0.0
sparknet-c18g8-ptp,outputs/sparknet-c18g8-ptp/seed2,2,14,complete,outputs/sparknet-c18g8-ptp/seed2/reports/sparknet_dendritic_prune_experiment.yaml,0.9453318335208098,4534,419246,0.3,0.9145106861642295,3298,300066,0.9212598425196851,0.9174353205849269,0.9212598425196851,3694,300426,3622,3.0,skipped,,42,92,0,True,True,0,92,92,7825255cb6b1dab6473fb3a9e641fe86cff057217c03e3d2f10b1ce03b145601,68ecb8a3d510ca0d789d943780e3067b07e022780ee2e0c77bde5c122ecac7f7,5341d26a1bf69e3f58e6c02d008ff1d6c8c8d881922cebd988e809d2d43b5862,0.6749156355455588,0.38245219347581294,-2.407199100112478,0.0
sparknet-c18g8-ptp,outputs/sparknet-c18g8-ptp/seed2,2,15,complete,outputs/sparknet-c18g8-ptp/seed2/reports/sparknet_dendritic_prune_experiment.yaml,0.9453318335208098,4534,419246,0.2,0.9244094488188976,3589,328043,0.9307086614173228,0.9241844769403824,0.9307086614173228,3985,328403,3913,3.0,skipped,,37,119,0,True,True,0,119,119,77dadf453202df59c762601086ec1d3b5a4f6c83cb752bb4d0936801643ca911,702a75d5caa5d8a7a6d532c0f87b8c9707df7789d3dfba53adb323c933896c77,9ef09754f8d40a0aab219953fc27f88e8fed5b0fb9248fa2ead5613a1ce99665,0.6299212598425141,0.6524184476940365,-1.462317210348707,0.0
sparknet-c18g8-ptp,outputs/sparknet-c18g8-ptp/seed2,2,17,complete,outputs/sparknet-c18g8-ptp/seed2/reports/sparknet_dendritic_prune_experiment.yaml,0.9453318335208098,4534,419246,0.1,0.9448818897637795,4207,387633,0.9460067491563554,0.9435320584926884,0.9460067491563554,4459,387861,4423,2.0,skipped,,28,134,0,True,True,24,134,134,0fa42a61a1e0c683b2d34972d5057850a3a5eb575bdd3c152d8e169e08b76168,f9deb350fa442adaaac3dc961d31c868bd33447532809f004357f0a82c92c9f3,64187ffac8c0b76635809370a9af8c325125202bc3c43ec3f5cffce1d7b0602e,0.11248593925758943,0.24746906636670118,0.06749156355455588,0.0
sparknet-c18g8-ptp,outputs/sparknet-c18g8-ptp/seed3,3,8,complete,outputs/sparknet-c18g8-ptp/seed3/reports/sparknet_dendritic_prune_experiment.yaml,0.9498312710911136,4534,419246,0.6,0.8042744656917885,1804,157656,0.8323959505061868,0.8105736782902138,0.8323959505061868,2200,158016,2128,3.0,skipped,,73,130,0,True,True,0,130,130,08bd5eafa2bf7848902c5fa05b0163f97f4fdc35348f669f0539e8a62738c6ea,64765d16a1daebde1a0c0995172a6f02f821cc1c2c5075ef3fe54e7f99c63055,5b5a39d51a287b181dc77a9edc1f72cdf490f3c9671e7eee7982d6f428c90f16,2.8121484814398245,2.1822272215972993,-11.74353205849269,0.0
sparknet-c18g8-ptp,outputs/sparknet-c18g8-ptp/seed3,3,10,complete,outputs/sparknet-c18g8-ptp/seed3/reports/sparknet_dendritic_prune_experiment.yaml,0.9498312710911136,4534,419246,0.5,0.8823397075365579,2254,200278,0.8915635545556806,0.8875140607424072,0.8915635545556806,2650,200638,2578,3.0,skipped,,72,103,0,True,True,0,103,103,01fbd8f8d5544efe1d84c166ff81ba6f367ca8d791d4685a2820758910396f73,74681846ea4199fe6135f27f80f2a18e0c0a9a0e9d09eba67fc08883d6dfa4e5,28dd73d967abc017515dfb7375505dcf7d83497f12de584e14e5c072d1a65de3,0.9223847019122711,0.40494938132733527,-5.826771653543306,0.0
sparknet-c18g8-ptp,outputs/sparknet-c18g8-ptp/seed3,3,12,complete,outputs/sparknet-c18g8-ptp/seed3/reports/sparknet_dendritic_prune_experiment.yaml,0.9498312710911136,4534,419246,0.4,0.9010123734533183,2752,247748,0.9111361079865017,0.9061867266591676,0.9111361079865017,3148,248108,3076,3.0,skipped,,49,94,0,True,True,0,94,94,6149861247fb61b99a3e8a08cd24584776faa51b54699158df7c6eb888544540,235abfbbd1167d162f123ce7a6045b24b043e787301f4a0bb935deadb78f7de2,c09956f0a14bb083aebabd95cb73c708a5c00f2476978f286de68bb16840f97f,1.0123734533183382,0.49493813273341347,-3.8695163104611963,0.0
sparknet-c18g8-ptp,outputs/sparknet-c18g8-ptp/seed3,3,14,complete,outputs/sparknet-c18g8-ptp/seed3/reports/sparknet_dendritic_prune_experiment.yaml,0.9498312710911136,4534,419246,0.3,0.9280089988751407,3298,300066,0.930933633295838,0.9286839145106862,0.930933633295838,3694,300426,3622,3.0,skipped,,49,95,0,True,True,0,95,95,d731073374382fe73754b1d5c1b276e3b76986fefeb9af2fedc88f080cc8645e,cc74291052b09bc6ea0d27f03ef72839caa286795b18de7e18713ba6318147b9,29f755451e4b952be6bc1d670ebd7185f9ef91394586ee066f8a4e119b543dd1,0.29246344206973474,0.22497187851517886,-1.8897637795275646,0.0
sparknet-c18g8-ptp,outputs/sparknet-c18g8-ptp/seed3,3,15,complete,outputs/sparknet-c18g8-ptp/seed3/reports/sparknet_dendritic_prune_experiment.yaml,0.9498312710911136,4534,419246,0.2,0.9273340832395951,3589,328043,0.9361079865016873,0.9343082114735658,0.9361079865016873,3985,328403,3913,3.0,skipped,,23,120,0,True,True,8,120,120,b0d37b9472bb2468a1c723ef590ff96ea0d5fd6134623f82e40a79b88ed4dd2d,88896ff3103e1d0047d6581f142d33f2f4113b8ace6d4c491088d6aad0835ee5,53fbb452067dfbed2bddf4aaac01b1af0cc348b1f9be8b95d858b5785edf8e09,0.8773903262092153,0.1799775028121453,-1.3723284589426399,0.0
sparknet-c18g8-ptp,outputs/sparknet-c18g8-ptp/seed3,3,17,complete,outputs/sparknet-c18g8-ptp/seed3/reports/sparknet_dendritic_prune_experiment.yaml,0.9498312710911136,4534,419246,0.1,0.9462317210348706,4207,387633,0.9480314960629921,0.946681664791901,0.9480314960629921,4327,387741,4315,1.0,skipped,,23,125,0,True,True,24,125,125,b783f3e86ebc0bb7aacab821b8cc438aeb331e3ada444badf656f1a080643d73,6f56f9f09c4ac41256ffc39894c6812d127c14eae9a25fd78e1f7394b00e3954,76c25525a88e189c7e56808a445137896ba9923121a960b2e588b10de9405c03,0.1799775028121453,0.13498312710911176,-0.1799775028121564,0.0
sparknet-c18g8-ptp,outputs/sparknet-c18g8-ptp/seed4,4,8,complete,outputs/sparknet-c18g8-ptp/seed4/reports/sparknet_dendritic_prune_experiment.yaml,0.9520809898762654,4534,419246,0.6,0.8175478065241845,1804,157656,0.8301462317210349,0.8209223847019123,0.8301462317210349,2200,158016,2128,3.0,skipped,,99,143,0,True,True,0,143,143,9b5ada7da0fa8d6a14519dd5e27591c296015a308f1c884a7279e0cc1aa86541,e7c85b4f3b77b08f58815eaad5d875c5593f191d762129fcb07f0fe756d31433,34fc2c675bd3c5aa8fc18e8f7e4f894fd746a099139dbdb68329c946996507a0,1.2598425196850394,0.92238470191226,-12.193475815523058,0.0
sparknet-c18g8-ptp,outputs/sparknet-c18g8-ptp/seed4,4,10,complete,outputs/sparknet-c18g8-ptp/seed4/reports/sparknet_dendritic_prune_experiment.yaml,0.9520809898762654,4534,419246,0.5,0.876265466816648,2254,200278,0.8834645669291339,0.8780652418447694,0.8834645669291339,2650,200638,2578,3.0,skipped,,88,111,0,True,True,8,111,111,9070aa7fbdd2a6cb7b1d4c4431a96fd52c3c26b1effb4ad9c823f2307fef9c73,6d3ff606f1d13b55dc1aa0621fb499ce672d06a7432b2c8bca778b4705147b81,9ffbcd18e46c23b85a8eefcf9bed524bfea5eff4240f49b770297e8f0718f93b,0.7199100112485923,0.539932508436447,-6.861642294713155,0.0
sparknet-c18g8-ptp,outputs/sparknet-c18g8-ptp/seed4,4,12,complete,outputs/sparknet-c18g8-ptp/seed4/reports/sparknet_dendritic_prune_experiment.yaml,0.9520809898762654,4534,419246,0.4,0.9068616422947131,2752,247748,0.9111361079865017,0.9082114735658042,0.9111361079865017,3004,247976,2968,2.0,skipped,,86,128,0,True,True,24,128,128,c44a825372f54e33a4d94490b312182fdf7a4e2ccf3af0272bfdcdcbdfd4e33b,59b8a8a0279674af9a9bba09dbcd1d60296d3586df28b0dd8c1377ca38aac3aa,8aeb1aa059ea7b8e86990b6fc531f56451f31723e4fdda6196d4a75d8ee6b203,0.4274465691788576,0.29246344206974584,-4.094488188976375,0.0
sparknet-c18g8-ptp,outputs/sparknet-c18g8-ptp/seed4,4,14,complete,outputs/sparknet-c18g8-ptp/seed4/reports/sparknet_dendritic_prune_experiment.yaml,0.9520809898762654,4534,419246,0.3,0.9232845894263217,3298,300066,0.9327334083239595,0.9275590551181102,0.9327334083239595,3694,300426,3622,3.0,skipped,,39,149,0,True,True,8,149,149,7e19c375dd6906dcfbd26c51b50495b97ecdebaa97dbd070344d3e1ad297e50f,d435eb26cad0d1bdf2a5e03eb59e00d8f21efb2afc3fdd4fd2fafc207cbc3d0f,54ae5d6a30dba0ff1044b4b438a7b69e8036c86ea6926d3f52a1869d4beda13a,0.9448818897637712,0.5174353205849247,-1.9347581552305981,0.0
sparknet-c18g8-ptp,outputs/sparknet-c18g8-ptp/seed4,4,15,complete,outputs/sparknet-c18g8-ptp/seed4/reports/sparknet_dendritic_prune_experiment.yaml,0.9520809898762654,4534,419246,0.2,0.9365579302587177,3589,328043,0.9385826771653544,0.9365579302587177,0.9385826771653544,3985,328403,3913,3.0,skipped,,61,102,0,True,True,0,102,102,38328665f0231eba7d27c274122c5ae1f2ed43e9aa0d3344f5a37802a07bb181,37646218cfcc298f87f34ac4a0a5329b37252605514266d519e896c103dd162c,494de3ecd89bd8b41e9f9f9aad9d3c979be7eb86109b448a28756b53ea6473cf,0.20247469066366763,0.20247469066366763,-1.3498312710911065,0.0
sparknet-c18g8-ptp,outputs/sparknet-c18g8-ptp/seed4,4,17,complete,outputs/sparknet-c18g8-ptp/seed4/reports/sparknet_dendritic_prune_experiment.yaml,0.9520809898762654,4534,419246,0.1,0.9487064116985376,4207,387633,0.9496062992125984,0.9473565804274465,0.9496062992125984,4603,387993,4531,3.0,skipped,,14,131,0,True,True,16,131,131,c1c518a945f6d70612fc63365997030784a1539cf5d5bdbfaf5ba74ff47a2c2d,d53fc45c2f4d76b6262038fc882d1f6ead5b65d504845fcc10b9262a4960fcc6,c4b782fd42cfdcc738408f3546d7c715425cdc5699a6a2371fe32a5ac44694bf,0.0899887514060782,0.22497187851518996,-0.24746906636670118,0.0
