family,arm,model,n,seeds,mean_gain_pp,sd_gain_pp,ci95_low,ci95_high,positive_seeds,mean_val_pct,control_val_pct,params,macs,max_pre_switch_val_diff
sparknet-grow-dendrites-v3,depthwise,sparknet_c8g16_paper,3,"[0, 1, 2]",0.05999250093738177,0.09092130223458272,-0.16586853474499474,0.28585353661975826,2,90.44619422572178,90.3862017247844,2388,204616,0
sparknet-grow-dendrites-v3,fc,sparknet_c16g16_paper,1,[0],-0.06749156355455588,,,,0,95.23059617547807,95.29808773903262,4356,370460,0
sparknet-grow-dendrites-v3,fc,sparknet_c17g16_paper,1,[0],0.0,,,,0,94.73565804274465,94.73565804274465,4679,401669,0
sparknet-grow-dendrites-v3,fc,sparknet_c18g16_paper,5,"[0, 1, 2, 3, 4]",-0.05399325084364248,0.09754548206379951,-0.17511196410969335,0.06712546242240838,1,95.14510686164229,95.19910011248594,5014,434090,0
sparknet-grow-dendrites-v3,fc,sparknet_c6g4_paper,3,"[0, 1, 2]",0.10498687664041532,0.38792702381335337,-0.8586772726214043,1.0686510259022348,2,81.64229471316085,81.53730783652044,1390,117470,0
sparknet-grow-dendrites-v3,fc,sparknet_c8_paper,1,[0],-0.022497187851522327,,,,0,91.45106861642294,91.47356580427447,2764,177732,0
sparknet-grow-dendrites-v3,fc,sparknet_c9g4_paper,3,"[0, 1, 2]",0.07499062617172629,0.27121321814810373,-0.5987403569551473,0.7487216092985998,2,88.16647919010123,88.09148856392952,1999,174737,0
sparknet-grow-dendrites-v3,fc-sham,sparknet_c18g16_paper,1,[0],0.0,,,,0,95.97300337457818,95.97300337457818,5014,434090,0
sparknet-grow-dendrites-v3,fc-sham,sparknet_c8_paper,1,[0],-0.06749156355455588,,,,0,91.40607424071992,91.47356580427447,2764,177732,0
sparknet-grow-dendrites-v3,fc-switch170,sparknet_c8_paper,1,[0],-0.022497187851522327,,,,0,91.45106861642294,91.47356580427447,2764,177732,0
sparknet-grow-dendrites-v3,fc-wd1e-3,sparknet_c8_paper,1,[0],-0.06749156355455588,,,,0,91.40607424071992,91.47356580427447,2764,177732,0
sparknet-grow-dendrites-v3,gate_conv,sparknet_c9g4_paper,3,"[0, 1, 2]",0.11248593925759313,0.0449943757030391,0.000713713757010917,0.22425816475817534,3,88.2039745031871,88.09148856392952,1971,178717,0
sparknet-grow-dendrites-v3,gate_conv,sparknet_c9g8_paper,3,"[0, 1, 2]",0.0824896887889004,0.2219519848061319,-0.4688696068658481,0.6338489844436489,1,90.5511811023622,90.4686914135733,2111,186441,0
sparknet-grow-dendrites-v3,gate_conv-bn,sparknet_c6g4_paper,5,"[0, 1, 2, 3, 4]",0.24746906636670118,0.4782967744762521,-0.3464148189574461,0.8413529516908484,4,82.01574803149606,81.76827896512935,1358,120238,0
sparknet-grow-dendrites-v3,gate_conv-bn,sparknet_c9g4_paper,5,"[0, 1, 2, 3, 4]",0.11248593925759387,0.15667478377035118,-0.08205149917641061,0.3070233776915984,3,88.40494938132734,88.29246344206975,1979,178717,0
sparknet-grow-dendrites-v3,gate_conv-bn,sparknet_c9g8_paper,5,"[0, 1, 2, 3, 4]",-0.00899887514060893,0.18795589268126223,-0.24237694033318258,0.22437919005196472,4,90.51518560179977,90.52418447694038,2127,186441,0
sparknet-grow-dendrites-v3,gate_conv-bn-sw5,sparknet_c9g4_paper,5,"[0, 1, 2, 3, 4]",0.28346456692913247,1.0068088538270132,-0.9666537399406661,1.533582873798931,2,88.57592800899887,88.29246344206975,1979,178717,0
sparknet-grow-dendrites-v3,pointwise,sparknet_c8_paper,1,[0],-0.022497187851522327,,,,0,91.45106861642294,91.47356580427447,2500,191880,0
sparknet-grow-dendrites-v3,pointwise-in75,sparknet_c8_paper,1,[0],-0.022497187851522327,,,,0,91.45106861642294,91.47356580427447,2500,191880,0
sparknet-grow-dendrites-v3,pointwise_b0-bn,sparknet_c10g16_paper,3,"[0, 1, 2]",0.16497937757780448,0.3458523451848612,-0.694165475793202,1.024124230948811,1,92.53093363329585,92.36595425571804,2804,241784,0
sparknet-grow-dendrites-v3,pointwise_b0-bn,sparknet_c12g16_paper,3,"[0, 1, 2]",0.14248218972627846,0.09092130223458914,-0.08337884595611395,0.36834322540867087,3,93.43832020997375,93.29583802024747,3388,297536,0
sparknet-grow-dendrites-v3,pointwise_b0-bn,sparknet_c2g16_paper,1,[0],1.2823397075365506,,,,1,67.22159730033745,65.9392575928009,948,67256,0
sparknet-grow-dendrites-v3,pointwise_b0-bn,sparknet_c4g16_paper,1,[0],0.9898762654668158,,,,1,81.03487064116986,80.04499437570304,1340,103616,0
sparknet-grow-dendrites-v3,pointwise_b0-bn,sparknet_c6g16_paper,1,[0],0.3374578177727683,,,,1,86.83914510686164,86.50168728908886,1780,144824,0
sparknet-grow-dendrites-v3,pointwise_b0-bn,sparknet_c8g16_paper,3,"[0, 1, 2]",0.4349456317960243,0.08517297856468116,0.22336422372139736,0.6465270398706513,3,90.82114735658043,90.3862017247844,2268,190880,0
sparknet-grow-dendrites-v3,pointwise_b0-bn-sw5,sparknet_c8g16_paper,3,"[0, 1, 2]",0.2624671916010494,0.7823502875587461,-1.680998661522347,2.205933044724446,1,90.64866891638546,90.3862017247844,2268,190880,0
sparknet-grow-dendrites-v3,pointwise_b1-bn,sparknet_c10g16_paper,3,"[0, 1, 2]",0.16497937757780448,0.08517297856468507,-0.0466020304968322,0.37656078565244117,3,92.53093363329585,92.36595425571804,2584,219564,0
sparknet-grow-dendrites-v3,pointwise_b1-bn,sparknet_c12g16_paper,3,"[0, 1, 2]",0.05249343832020766,0.24780969841557585,-0.5630999788514003,0.6680868554918157,1,93.34833145856769,93.29583802024747,3148,273296,0
sparknet-grow-dendrites-v3,pointwise_b1-bn,sparknet_c2g16_paper,1,[0],0.2699662542182235,,,,1,66.20922384701913,65.9392575928009,888,61196,0
sparknet-grow-dendrites-v3,pointwise_b1-bn,sparknet_c4g16_paper,1,[0],0.04499437570303355,,,,1,80.08998875140607,80.04499437570304,1228,92304,0
sparknet-grow-dendrites-v3,pointwise_b1-bn,sparknet_c6g16_paper,1,[0],0.49493813273340237,,,,1,86.99662542182227,86.50168728908886,1624,129068,0
sparknet-grow-dendrites-v3,pointwise_b1-bn,sparknet_c8g16_paper,3,"[0, 1, 2]",0.2774653168353976,0.3793517771261074,-0.6648967387430722,1.2198273724138673,2,90.6636670416198,90.3862017247844,2076,171488,0
sparknet-grow-dendrites-v3,pointwise_b1-bn-relu,sparknet_c8g16_paper,3,"[0, 1, 2]",0.3674540682414684,0.11544660156235585,0.08066881160700567,0.6542393248759312,3,90.75365579302587,90.3862017247844,2076,171488,0
sparknet-grow-dendrites-v3,pointwise_b1-bn-sigmoid,sparknet_c8g16_paper,3,"[0, 1, 2]",0.1724784401949786,0.20413434703886163,-0.3346193895477869,0.6795762699377441,3,90.55868016497938,90.3862017247844,2076,171488,0
sparknet-grow-dendrites-v3,pointwise_b1-bn-sw1,sparknet_c8g16_paper,3,"[0, 1, 2]",-0.11248593925759313,0.17856589276026116,-0.5560682074957232,0.33109632898053687,1,90.2737157855268,90.3862017247844,2076,171488,0
sparknet-grow-dendrites-v3,pointwise_b1-bn-sw5,sparknet_c17g16_paper,3,"[0, 1, 2]",0.05999250093738547,0.3559488349848054,-0.8242334235019647,0.9442184253767357,1,94.90813648293963,94.84814398200226,4803,432371,0
sparknet-grow-dendrites-v3,pointwise_b1-bn-sw5,sparknet_c6g12_paper,3,"[0, 1, 2]",0.0824896887889041,0.1873265241364369,-0.38285519422952724,0.5478345718073354,2,86.49418822647169,86.4116985376828,1540,126596,0
sparknet-grow-dendrites-v3,pointwise_b1-bn-sw5,sparknet_c8g16_paper,5,"[0, 1, 2, 3, 4]",-0.02699662542182235,0.5187541270526328,-0.6711149489026978,0.6171216980590531,2,90.48368953880765,90.51068616422947,2076,171488,0
sparknet-grow-dendrites-v3,pointwise_b1-bn-sw5,sparknet_c9g8_paper,5,"[0, 1, 2, 3, 4]",0.35095613048369056,0.276266932427605,0.00792542659414136,0.6939868343732398,4,90.87514060742407,90.52418447694038,2131,187451,0
sparknet-grow-dendrites-v3,pointwise_b12-bn-sw5,sparknet_c8g16_paper,3,"[0, 1, 2]",0.5999250093738288,0.9991217009749552,-1.8820308866461941,3.0818809053938514,2,90.98612673415823,90.3862017247844,2164,178760,0
sparknet-grow-dendrites-v3,pointwise_b123-bn,sparknet_c4_paper,1,[0],0.47244094488189115,,,,1,83.35208098987627,82.87964004499437,1588,103000,0
sparknet-grow-dendrites-v3,pointwise_b123-bn,sparknet_c8_paper,1,[0],0.4499437570303688,,,,1,91.92350956130484,91.47356580427447,2620,199152,0
sparknet-grow-dendrites-v3,pointwise_b2-auto,sparknet_c12_paper,1,[0],-0.13498312710911176,,,,0,94.4206974128234,94.55568053993251,3556,292880,0
sparknet-grow-dendrites-v3,pointwise_b2-bn,sparknet_c10g16_paper,3,"[0, 1, 2]",0.04499437570303725,0.17570865412614062,-0.3914901182926039,0.4814788696986784,1,92.41094863142108,92.36595425571804,2584,219564,0
sparknet-grow-dendrites-v3,pointwise_b2-bn,sparknet_c10g8_paper,1,[0],0.0,,,,0,92.17097862767154,92.17097862767154,2384,211388,0
sparknet-grow-dendrites-v3,pointwise_b2-bn,sparknet_c12_paper,1,[0],0.06749156355455588,,,,1,94.62317210348706,94.55568053993251,3580,292880,0
sparknet-grow-dendrites-v3,pointwise_b2-bn,sparknet_c12g16_paper,3,"[0, 1, 2]",0.18747656542931943,0.2028908775173413,-0.31653231478162525,0.6914854456402642,2,93.4833145856768,93.29583802024747,3148,273296,0
sparknet-grow-dendrites-v3,pointwise_b2-bn,sparknet_c16g16_paper,3,"[0, 1, 2]",-0.022497187851514926,0.11248593925759498,-0.3019277516029636,0.2569333758999337,1,94.93063367079115,94.95313085864267,4444,397728,0
sparknet-grow-dendrites-v3,pointwise_b2-bn,sparknet_c17g16_paper,2,"[0, 1]",0.0,0.06363165634975622,-0.5717077496592495,0.5717077496592495,1,94.75815523059617,94.75815523059617,4803,432371,0
sparknet-grow-dendrites-v3,pointwise_b2-bn,sparknet_c17g8_paper,3,"[0, 1, 2]",0.23997000374952707,0.14287633208292672,-0.1149544808942348,0.594894488393289,3,94.90063742032245,94.66066741657293,4547,418539,0
sparknet-grow-dendrites-v3,pointwise_b2-bn,sparknet_c18g16_paper,5,"[0, 1, 2, 3, 4]",0.06299212598425141,0.09193618331474894,-0.05116172296993393,0.17714597493843676,4,95.26209223847019,95.19910011248594,5176,468428,0
sparknet-grow-dendrites-v3,pointwise_b2-bn,sparknet_c18g8_paper,1,[0],-0.13498312710911176,,,,0,95.32058492688414,95.45556805399326,4912,453788,0
sparknet-grow-dendrites-v3,pointwise_b2-bn,sparknet_c2_paper,2,"[0, 1]",0.4386951631046132,1.2885410410823512,-11.138386767493285,12.015777093702512,1,62.767154105736786,62.32845894263217,1160,64620,0
sparknet-grow-dendrites-v3,pointwise_b2-bn,sparknet_c2g16_paper,1,[0],-1.3498312710911176,,,,0,64.58942632170978,65.9392575928009,888,61196,0
sparknet-grow-dendrites-v3,pointwise_b2-bn,sparknet_c4_paper,3,"[0, 1, 2]",0.359955005624298,0.17997750281215086,-0.087133896378017,0.8070439076266129,3,83.49456317960255,83.13460817397825,1532,98960,0
sparknet-grow-dendrites-v3,pointwise_b2-bn,sparknet_c4g16_paper,1,[0],0.29246344206974584,,,,1,80.33745781777279,80.04499437570304,1228,92304,0
sparknet-grow-dendrites-v3,pointwise_b2-bn,sparknet_c6_paper,2,"[0, 1]",0.21372328458942325,0.20680288313666845,-1.644326901802785,2.071773470981632,2,88.177727784027,87.96400449943758,1960,138956,0
sparknet-grow-dendrites-v3,pointwise_b2-bn,sparknet_c6g16_paper,3,"[0, 1, 2]",0.15748031496062667,0.2433442930571863,-0.4470204203619539,0.7619810502832072,2,87.35658042744657,87.19910011248594,1624,129068,0
sparknet-grow-dendrites-v3,pointwise_b2-bn,sparknet_c8_paper,2,"[0, 1]",-0.12373453318335059,0.015907914087439055,-0.266661470598163,0.01919240423146179,0,91.36107986501688,91.48481439820021,2444,184608,0
sparknet-grow-dendrites-v3,pointwise_b2-bn,sparknet_c8g16_paper,3,"[0, 1, 2]",0.07499062617172998,0.1374600883376342,-0.2664791631283189,0.4164604154717788,2,90.46119235095614,90.3862017247844,2076,171488,0
sparknet-grow-dendrites-v3,pointwise_b2-bn,sparknet_c9g8_paper,1,[0],-0.04499437570303355,,,,0,90.79865016872891,90.84364454443194,2131,187451,0
sparknet-grow-dendrites-v3,pointwise_b2-bn-kd,sparknet_c4_paper,1,[0],-0.9898762654668158,,,,0,81.88976377952756,82.87964004499437,1532,98960,0.14938132733408327
sparknet-grow-dendrites-v3,pointwise_b2-bn-sham,sparknet_c10g16_paper,3,"[0, 1, 2]",-0.11998500187476353,0.09092130223459097,-0.3458460375571605,0.10587603380763343,0,92.24596925384327,92.36595425571804,2584,219564,0
sparknet-grow-dendrites-v3,pointwise_b2-bn-sham,sparknet_c12g16_paper,3,"[0, 1, 2]",0.007499062617166707,0.16274866452351652,-0.39679103246270375,0.41178915769703717,2,93.30333708286463,93.29583802024747,3148,273296,0
sparknet-grow-dendrites-v3,pointwise_b2-bn-sham,sparknet_c4_paper,1,[0],0.31496062992125706,,,,1,83.19460067491563,82.87964004499437,1532,98960,0
sparknet-grow-dendrites-v3,pointwise_b2-bn-sham,sparknet_c4g16_paper,1,[0],-0.1799775028121453,,,,0,79.86501687289089,80.04499437570304,1228,92304,0
sparknet-grow-dendrites-v3,pointwise_b2-bn-sham,sparknet_c6g16_paper,3,"[0, 1, 2]",0.029996250468689034,0.1239048492077906,-0.2778004581171216,0.3377929590544997,2,87.22909636295462,87.19910011248594,1624,129068,0
sparknet-grow-dendrites-v3,pointwise_b2-bn-sham,sparknet_c8g16_paper,3,"[0, 1, 2]",0.07499062617172629,0.2426500140586928,-0.5277854245082203,0.6777666768516728,2,90.46119235095614,90.3862017247844,2076,171488,0
sparknet-grow-dendrites-v3,pointwise_b23-bn,sparknet_c10g16_paper,1,[0],-0.06749156355455588,,,,0,92.62092238470191,92.68841394825647,2714,230674,0
sparknet-grow-dendrites-v3,pointwise_b23-bn,sparknet_c2g16_paper,1,[0],-0.764904386951637,,,,0,65.17435320584927,65.9392575928009,898,61802,0
sparknet-grow-dendrites-v3,pointwise_b23-bn,sparknet_c6g16_paper,1,[0],0.38245219347581294,,,,1,86.88413948256468,86.50168728908886,1678,133310,0
sparknet-grow-dendrites-v3,pointwise_b23-bn,sparknet_c8g16_paper,1,[0],0.15748031496062298,,,,1,90.23622047244095,90.07874015748033,2164,178760,0
sparknet-grow-dendrites-v3,pointwise_b3-bn,sparknet_c10g16_paper,1,[0],-0.0899887514060671,,,,0,92.5984251968504,92.68841394825647,2584,219564,0
sparknet-grow-dendrites-v3,pointwise_b3-bn,sparknet_c12g16_paper,1,[0],0.15748031496062298,,,,1,93.27334083239595,93.11586051743532,3148,273296,0
sparknet-grow-dendrites-v3,pointwise_b3-bn,sparknet_c18g16_paper,1,[0],-0.022497187851522327,,,,0,95.95050618672666,95.97300337457818,5176,468428,0
sparknet-grow-dendrites-v3,pointwise_b3-bn,sparknet_c2g16_paper,1,[0],-1.3273340832395952,,,,0,64.61192350956131,65.9392575928009,888,61196,0
sparknet-grow-dendrites-v3,pointwise_b3-bn,sparknet_c4g16_paper,1,[0],-0.31496062992125706,,,,0,79.73003374578178,80.04499437570304,1228,92304,0
sparknet-grow-dendrites-v3,pointwise_b3-bn,sparknet_c6g16_paper,1,[0],0.31496062992125706,,,,1,86.81664791901012,86.50168728908886,1624,129068,0
sparknet-grow-dendrites-v3,pointwise_b3-bn,sparknet_c8g16_paper,1,[0],-0.022497187851522327,,,,0,90.0562429696288,90.07874015748033,2076,171488,0
sparknet-lowdata02,pointwise_b1-bn,sparknet_c16g16_paper,5,"[0, 1, 2, 3, 4]",0.16647919010123857,0.17614019465523925,-0.052227748238775074,0.3851861284412522,4,78.77615298087738,78.60967379077614,4444,397728,0
sparknet-lowdata02,pointwise_b1-bn,sparknet_c8g16_paper,5,"[0, 1, 2, 3, 4]",-0.03599550056243128,0.23787518358400203,-0.33135655208479764,0.2593655509599351,3,67.96400449943756,68.0,2076,171488,0
sparknet-lowdata10,pointwise_b0-bn,sparknet_c8g16_paper,3,"[0, 1, 2]",0.20997375328083803,0.3833334208963498,-0.7422792537420466,1.1622267603037226,1,84.4769403824522,84.26696662917135,2268,190880,0
sparknet-lowdata10,pointwise_b1-bn,sparknet_c12g16_paper,5,"[0, 1, 2, 3, 4]",0.05399325084364248,0.1817962101312637,-0.17173655828623405,0.279723059973519,3,88.40044994375702,88.34645669291339,3148,273296,0
sparknet-lowdata10,pointwise_b1-bn,sparknet_c14g16_paper,10,"[0, 1, 2, 3, 4, 5, 6, 7, 8, 9]",-0.011248593925760053,0.14704665580147974,-0.11643943465323989,0.09394224680171978,5,88.93363329583802,88.94488188976378,3768,332684,0
sparknet-lowdata10,pointwise_b1-bn,sparknet_c16g16_paper,20,"[0, 1, 10, 11, 12, 13, 14, 15, 16, 17, 18, 19, 2, 3, 4, 5, 6, 7, 8, 9]",0.0022497187851527878,0.17996270142203089,-0.08197541809860422,0.08647485566890979,9,89.56467941507312,89.56242969628796,4444,397728,0
sparknet-lowdata10,pointwise_b1-bn,sparknet_c18g16_paper,5,"[0, 1, 2, 3, 4]",0.04949381327334024,0.08771018533011471,-0.059412766126843125,0.1584003926735236,2,90.14623172103488,90.09673790776154,5176,468428,0
sparknet-lowdata10,pointwise_b1-bn,sparknet_c6g16_paper,3,"[0, 1, 2]",0.04499437570303355,0.17570865412613423,-0.3914901182925918,0.4814788696986589,2,81.53730783652044,81.4923134608174,1624,129068,0
sparknet-lowdata10,pointwise_b1-bn,sparknet_c8g16_paper,3,"[0, 1, 2]",0.044994375703040955,0.21695502274449907,-0.4939517780502198,0.5839405294563017,1,84.31196100487439,84.26696662917135,2076,171488,0
sparknet-lowdata10,pointwise_b1-bn-sw5,sparknet_c16g16_paper,5,"[0, 1, 2, 3, 4]",0.03599550056242906,0.2508209445609687,-0.275439836294388,0.34743083741924613,3,89.5793025871766,89.54330708661418,4444,397728,0
sparknet-lowdata10,pointwise_b12-bn,sparknet_c16g16_paper,5,"[0, 1, 2, 3, 4]",-0.13948256467941178,0.1372144043372504,-0.30985675057995005,0.030891621221126486,1,89.40382452193477,89.54330708661418,4748,425200,0
sparknet-lowdata10,pointwise_b123-bn,sparknet_c16g16_paper,5,"[0, 1, 2, 3, 4]",-0.12148481439819836,0.1530800975136455,-0.31155886032241353,0.06858923152601681,1,89.42182227221598,89.54330708661418,5052,452672,0
sparknet-lowdata10,pointwise_b2-bn,sparknet_c16g16_paper,10,"[0, 1, 2, 3, 4, 5, 6, 7, 8, 9]",0.002249718785153343,0.1641078661468224,-0.11514597658708552,0.1196454141573922,2,89.78852643419573,89.78627671541058,4444,397728,0
sparknet-lowdata20,pointwise_b1-bn,sparknet_c16g16_paper,5,"[0, 1, 2, 3, 4]",0.07199100112485812,0.08017336189518334,-0.027557375955352528,0.17153937820506876,3,91.84251968503936,91.7705286839145,4444,397728,0
